--
-- Script was generated by Devart dbForge Data Generator for MySQL, Version 2.4.526.0
-- Product Home Page: http://www.devart.com/dbforge/mysql/data-generator
-- Script date 3/2/2022 5:06:57 PM
-- Target server version: 8.0.28
-- Target connection string: User Id=root;Host=localhost;Database=bankingsystem;Character Set=utf8
--



SET NAMES 'utf8';
USE bankingsystem;
--
-- Delete data from the table 'transactions'
--
TRUNCATE TABLE transactions;
--
-- Delete data from the table 'phonenumbers'
--
TRUNCATE TABLE phonenumbers;
--
-- Delete data from the table 'manages'
--
TRUNCATE TABLE manages;
--
-- Delete data from the table 'fixeddeposits'
--
TRUNCATE TABLE fixeddeposits;
--
-- Delete data from the table 'employeeworks'
--
TRUNCATE TABLE employeeworks;
--
-- Delete data from the table 'depositoryacc'
--
TRUNCATE TABLE depositoryacc;
--
-- Delete data from the table 'accountopened'
--
TRUNCATE TABLE accountopened;
--
-- Delete data from the table 'employee'
--
DELETE FROM employee;
--
-- Delete data from the table 'customer'
--
DELETE FROM customer;
--
-- Delete data from the table 'person'
--
DELETE FROM person;
--
-- Delete data from the table 'debitcard'
--
TRUNCATE TABLE debitcard;
--
-- Delete data from the table 'creditcard'
--
TRUNCATE TABLE creditcard;
--
-- Delete data from the table 'cards'
--
DELETE FROM cards;
--
-- Delete data from the table 'branch'
--
DELETE FROM branch;
--
-- Delete data from the table 'account'
--
DELETE FROM account;

--
-- Inserting data into table account
--
INSERT INTO account(`Account#`, Balance) VALUES
(1829187992, 193265),
(2229187993, 134838),
(3840200443, 193180),
(1829187993, 429987),
(3440200443, 275050),
(3840200444, 337384),
(3440200444, 200805),
(2229187994, 493945),
(3840200445, 499999.98),
(3147300832, 113696),
(1829187994, 499999.99),
(3440200445, 428291),
(1319955131, 467960),
(3840200446, 133854),
(1719955132, 134093),
(2229187995, 247426),
(3440200446, 31318),
(1319955132, 483004),
(3840200447, 413044),
(1829187995, 101571),
(1719955133, 91869),
(2747300832, 2000.02),
(3440200447, 408391),
(4855150636, 208742),
(3840200448, 230524),
(2229187996, 487967),
(3440200448, 472665),
(3840200449, 474568),
(1829187996, 35607),
(2229187997, 427501),
(4455150638, 132238),
(1829187997, 252620),
(3147300833, 354849),
(4855150637, 2000.01),
(3440200449, 82415),
(4455150639, 18654),
(1319955133, 483090),
(2229187998, 500000),
(2747300833, 344317),
(3840200450, 280254),
(3440200450, 170449),
(4855150638, 320764),
(3147300834, 356949),
(3840200451, 221237),
(3440200451, 107639),
(3840200452, 22872),
(1829187998, 356613),
(2229187999, 486860),
(1719955134, 2000),
(1319955134, 239111);

--
-- Inserting data into table branch
--
INSERT INTO branch(branchID, Locality, City, State) VALUES
(4796, 'Larkhall', 'Chennai', 'Indiana'),
(5697, 'Hendon', 'Hyderabad', 'Idaho'),
(3129, 'Clacton-on-Sea', 'Kolkata', 'New York'),
(4797, 'Larne', 'Chennai', 'Louisiana'),
(2176, 'Avoch', 'Kolkata', 'Alabama'),
(5698, 'Henfield', 'Chennai', 'Louisiana');

--
-- Inserting data into table cards
--
INSERT INTO cards(CardNo, Term_Yrs, IssueDate, CType, CSubType) VALUES
(9999999999999999, 103, '2005-06-19', 'DEBIT', 'VISA'),
(7173237311628611, 109, '2010-06-10', 'DEBIT', 'China UnionPay'),
(8073237311628612, 65, '2013-08-15', 'DEBIT', 'Discover'),
(2427301804120849, 109, '2013-09-18', 'DEBIT', 'American Express'),
(6104783058140330, 90, '2013-09-17', 'DEBIT', 'VISA'),
(9917774875588374, 77, '2008-08-24', 'DEBIT', 'Mastercard'),
(5204783058140330, 88, '2006-07-21', 'DEBIT', 'China UnionPay'),
(6104783058140331, 67, '2007-07-04', 'DEBIT', 'Discover'),
(1527301804120849, 107, '2006-10-18', 'DEBIT', 'Diners Club'),
(3061306820728274, 97, '2019-09-12', 'DEBIT', 'VISA'),
(9017774875588377, 96, '2015-02-07', 'DEBIT', 'VISA'),
(5204783058140331, 80, '2005-01-31', 'DEBIT', 'American Express'),
(6104783058140332, 89, '2018-12-06', 'DEBIT', 'VISA'),
(5204783058140332, 90, '2016-10-30', 'DEBIT', 'JCB'),
(7173237311628612, 60, '2005-01-14', 'DEBIT', 'Diners Club'),
(9917774875588375, 88, '2012-10-22', 'DEBIT', 'Discover'),
(6104783058140333, 117, '2019-11-18', 'DEBIT', 'American Express'),
(8073237311628613, 105, '2019-12-19', 'DEBIT', 'Diners Club'),
(2427301804120850, 81, '2005-01-06', 'DEBIT', 'VISA'),
(5204783058140333, 67, '2008-04-13', 'DEBIT', 'Diners Club'),
(7173237311628613, 95, '2010-09-23', 'DEBIT', 'JCB'),
(3961306820728275, 75, '2008-05-16', 'DEBIT', 'American Express'),
(1527301804120850, 71, '2006-12-26', 'DEBIT', 'American Express'),
(2427301804120851, 65, '2021-11-14', 'DEBIT', 'Mastercard'),
(6104783058140334, 91, '2009-04-10', 'DEBIT', 'Discover'),
(1527301804120851, 105, '2005-03-16', 'DEBIT', 'American Express'),
(8073237311628614, 110, '2018-07-27', 'DEBIT', 'American Express'),
(9017774875588378, 60, '2012-02-07', 'DEBIT', 'Mastercard'),
(9917774875588376, 65, '2013-01-13', 'DEBIT', 'VISA'),
(3061306820728275, 86, '2013-07-11', 'DEBIT', 'Discover'),
(7173237311628614, 120, '2009-11-28', 'DEBIT', 'China UnionPay'),
(8073237311628615, 75, '2007-06-07', 'DEBIT', 'American Express'),
(5204783058140334, 115, '2008-04-17', 'DEBIT', 'JCB'),
(3961306820728276, 68, '2021-11-30', 'DEBIT', 'American Express'),
(9017774875588379, 103, '2020-12-02', 'DEBIT', 'China UnionPay'),
(3061306820728276, 116, '2005-02-14', 'DEBIT', 'Discover'),
(9917774875588377, 83, '2010-08-10', 'DEBIT', 'Discover'),
(6104783058140335, 61, '2010-03-27', 'DEBIT', 'China UnionPay'),
(3961306820728277, 82, '2010-09-19', 'DEBIT', 'Mastercard'),
(7173237311628615, 82, '2014-05-23', 'DEBIT', 'Discover'),
(2427301804120852, 82, '2013-06-15', 'DEBIT', 'JCB'),
(1527301804120852, 69, '2005-02-23', 'DEBIT', 'Mastercard'),
(2427301804120853, 71, '2006-01-18', 'DEBIT', 'American Express'),
(8073237311628616, 72, '2005-09-01', 'DEBIT', 'American Express'),
(7173237311628616, 120, '2017-04-14', 'DEBIT', 'JCB'),
(3061306820728277, 76, '2016-07-10', 'DEBIT', 'VISA'),
(9017774875588380, 75, '2007-01-20', 'DEBIT', 'Mastercard'),
(3961306820728278, 88, '2017-05-23', 'DEBIT', 'Diners Club'),
(5204783058140335, 63, '2020-06-15', 'DEBIT', 'Discover'),
(1527301804120853, 90, '2005-11-17', 'DEBIT', 'Mastercard');

--
-- Inserting data into table creditcard
--
INSERT INTO creditcard(CType, MonthlyInterest, Eligibility_score, Cash_Limit, Joining_Fee, Annual_Fee) VALUES
('VISA', 9, 621, 25000, 1000, 500),
('ChinaUnionPay', 6, 788, 50000, 1000, 1250),
('JCB', 12, 819, 30000, 1500, 2000),
('Mastercard', 6, 789, 25000, 500, 2750),
('Discover', 8, 755, 25000, 500, 3500);

--
-- Inserting data into table debitcard
--
INSERT INTO debitcard(CType, CashBack_percent, Points, Withdrawal_Limit, Renewal_Fee) VALUES
('VISA', 9, 100, 800000, 1000),
('ChinaUnionPay', 5, 200, 1500000, 500),
('JCB', 8, 500, 1000000, 1000),
('Mastercard', 5, 400, 300000, 1000),
('Discover', 6, 300, 500000, 500);

--
-- Inserting data into table person
--
INSERT INTO person(AadharNo, FirstName, LastName, DOB, Gender, HouseNo, Locality, City, State) VALUES
(404715091966, 'Reinaldo', 'Barnette', '1958-04-04', 'M', 'JOB55', 'Poplar', 'Delhi', 'New York'),
(894091672370, 'Soila', 'Martell', '1941-03-26', 'M', 'CKT54', 'Sunderland', 'Mumbai', 'Minnesota'),
(999999999999, 'Ramiro', 'Currier', '1932-03-04', 'M', 'SRJ80', 'Mexborough', 'Mumbai', 'Colorado'),
(502828401733, 'Clotilde', 'Caraballo', '1952-03-04', 'M', 'PTR23', 'Westminster', 'Delhi', 'Maine'),
(735878973777, 'Marisa', 'Fredericks', '2001-03-02', 'F', 'TQJ85', 'Fordingbridge', 'Hyderabad', 'South Carolina'),
(984091672368, 'Romona', 'Barney', '1986-05-14', 'F', 'ADB94', NULL, 'Bangalore', 'Delaware'),
(592828401734, 'Corine', 'Katz', '1944-01-06', 'M', 'EAX86', 'Ystrad Meurig', 'Mumbai', 'Alaska'),
(314715091966, 'Casey', 'Martens', '1988-01-19', 'F', 'YDS37', 'Surbiton', 'Bangalore', 'Washington'),
(502828401734, 'Carrol', 'Kauffman', '2004-10-30', 'F', 'OIN68', 'Port Dinorwic', 'Kolkata', 'Washington'),
(404715091967, 'Maxwell', 'Weddle', '1936-05-02', 'M', 'OMH21', 'Louth', 'Mumbai', 'Minnesota'),
(314715091967, 'Racheal', 'Song', '1982-09-14', 'F', 'TCN03', 'Islington', 'Chennai', 'Washington'),
(404715091968, 'Brendon', 'Curry', '1958-02-20', 'M', 'TIT70', 'Birmingham', 'Bangalore', 'Mississippi'),
(645878973777, 'Tyler', 'Fredrickson', '1953-04-20', 'F', 'HDI15', 'Crediton', 'Hyderabad', 'Pennsylvania'),
(735878973778, 'Abdul', 'Curtin', '1949-05-24', 'M', 'MTS36', NULL, 'Mumbai', 'South Carolina'),
(894091672371, 'Gwen', 'Carbajal', '1953-06-29', 'M', 'POK61', 'Forest Gate', 'Delhi', 'Wisconsin'),
(592828401735, 'Kermit', 'Barnhart', '1949-09-23', 'M', 'XTI75', NULL, 'Mumbai', 'South Carolina'),
(314715091968, 'Trena', 'Weeks', '1958-08-19', 'M', 'FQO21', 'Weston-super-Mare', 'Delhi', 'Maine'),
(502828401735, 'Callie', 'Raymond', '1999-08-06', 'F', 'CII74', 'Lower Edmonton', 'Chennai', 'North Carolina'),
(404715091969, 'Lyman', 'Free', '2001-12-19', 'F', 'RSC80', 'Crewe', 'Bangalore', 'Arizona'),
(984091672369, 'Pedro', 'Muncy', '1952-03-03', 'F', 'WGC69', 'Surrey', 'Ahmedabad', 'Louisiana'),
(314715091969, 'Concha', NULL, '1938-02-20', 'M', NULL, 'Forest Hill', 'Mumbai', 'California'),
(122142880209, 'Marvin', 'Curtis', '1997-04-11', 'F', 'FYT51', 'Crewkerne', 'Ahmedabad', 'New Mexico'),
(212142880210, 'Nellie', 'Sorensen', '1967-12-07', 'M', 'ZZC92', 'Forest Row', 'Delhi', 'Kansas'),
(645878973778, 'Rosia', 'Freed', '1934-04-30', 'M', 'UOU17', 'Wetherby', 'Mumbai', 'Alaska'),
(894091672372, 'Abe', 'Martin', '1952-01-02', 'F', 'OIL74', NULL, 'Chennai', 'Alabama'),
(404715091970, 'Jamey', 'Kaufman', '1933-06-29', 'M', 'BUV40', 'Crianlarich', 'Mumbai', 'Colorado'),
(592828401736, 'Bernie', 'Carbone', '1974-03-26', 'M', 'HHG03', 'Aberdare', 'Bangalore', 'Kansas'),
(314715091970, 'Ignacia', 'Weems', '1976-05-30', 'F', 'HCV79', 'Sutton', 'Bangalore', 'Wisconsin'),
(984091672370, 'Cordie', 'Cushman', '1965-05-13', 'M', 'IAR98', 'Forfar', 'Delhi', 'Oklahoma'),
(404715091971, 'Sheba', 'Raynor', '1970-09-18', 'F', 'IEA99', 'Iver', 'Chennai', 'Connecticut'),
(122142880210, 'Elliott', 'Freedman', '1952-12-04', 'M', 'UQO80', 'Lowestoft', 'Mumbai', 'New Jersey'),
(502828401736, 'Brett', 'Sorenson', '1992-03-04', 'F', 'UZY20', 'Ivybridge', 'Chennai', 'Michigan'),
(735878973779, 'Ada', 'Custer', '1936-07-07', 'M', 'WOH08', 'Middlesbrough', 'Mumbai', 'Missouri'),
(212142880211, 'Ben', 'Martindale', '1952-01-10', 'F', 'LHU08', 'Weybridge', 'Chennai', 'New Mexico'),
(645878973779, 'Chadwick', 'Mundy', '1952-01-06', 'F', 'CHG52', 'Port Erin', 'Chennai', 'Missouri'),
(735878973780, 'Felipe', 'Barnhill', '1943-06-15', 'M', 'LAJ07', 'Ludlow', 'Mumbai', 'North Carolina'),
(314715091971, 'Vance', 'Kay', '2001-01-19', 'F', 'WCX97', 'Middlewich', 'Bangalore', 'California'),
(645878973780, 'Elizabet', 'Card', '1932-03-03', 'M', 'NCC66', 'Sutton Coldfield', 'Mumbai', 'New Hampshire'),
(122142880211, 'Agustin', 'Baron', '1987-10-08', 'F', 'BJU93', 'Bishop''s Stortford', 'Chennai', 'Missouri'),
(735878973781, 'Bart', 'Freeman', '1936-02-28', 'M', 'EYD10', 'Aberdeen', 'Mumbai', 'Oklahoma'),
(645878973781, 'Ashlyn', 'Carden', '1941-01-21', 'M', 'CGL03', 'Weymouth', 'Mumbai', 'Pennsylvania'),
(735878973782, 'Jung', 'Martinez', '1952-12-06', 'F', 'RGC51', 'Bishop Auckland', 'Hyderabad', 'Rhode Island'),
(212142880212, 'Colette', 'Barone', '1970-05-08', 'M', 'XCB94', 'Port Glasgow', 'Delhi', 'Illinois'),
(645878973782, 'Gavin', 'Cardenas', '2000-12-19', 'F', 'NYZ57', 'Sutton in Ashfield', 'Kolkata', 'Montana'),
(122142880212, 'Denae', 'Barr', '1962-06-21', 'F', 'TVE53', 'Whetstone', 'Chennai', 'Tennessee'),
(404715091972, 'Felipe', 'Kaye', '1995-02-01', 'O', 'BCS54', 'Midhurst', 'Kolkata', 'Utah'),
(314715091972, 'Misty', 'Carder', '1932-01-02', 'M', 'JEM71', 'Swadlincote', 'Mumbai', 'Wyoming'),
(592828401737, 'Zelda', 'Martino', '2003-09-20', 'F', 'GBY30', 'Aberdovey', 'Kolkata', 'Minnesota'),
(212142880213, 'Maida', 'Cutler', '1952-03-05', 'M', 'LHR68', 'Criccieth', 'Mumbai', 'Utah'),
(735878973783, 'Bradly', 'Freitas', '1983-10-13', 'M', 'KRP45', 'Bishopbriggs', 'Bangalore', 'Nevada');

--
-- Inserting data into table customer
--
INSERT INTO customer(CustID, Password, Income, `Credit Score`, AadharNo) VALUES
(531410, 'o0!y2!f1&', 798463, 568, 645878973782),
(999999, 'w3!z9&z6!', 387476, 853, 984091672370),
(981785, 'o4!h7&', 98437, 451, 502828401733),
(621411, 'i0&j7&', 710778, 542, 314715091966),
(891788, 'p5&j0&k7!', 285296, 496, 212142880210),
(322990, 'k9&s7!e5&', 391103, 561, 404715091967),
(531411, 'r3&q6&', 676902, 890, 645878973782),
(206056, 'c2&l8!w2!', 472588, 620, 984091672368),
(116056, 'g0&m4!', 151744, 480, 735878973782),
(981786, 'y5&l6!g4&', 174223, 654, 592828401735),
(621412, 'p1!m3&p3&', 718416, 424, 592828401736),
(647531, 'c4&s6&u5!', 480411, 490, 984091672368),
(737532, 'u2&v4!x2&', 186302, 456, 645878973780),
(412991, 'i2!i5!z9&', 107923, 521, 984091672370),
(647532, 'y3!z9&f2!', 714777, 488, 735878973777),
(531412, 'u1!s7!p1!', 738751, 773, 212142880212),
(322991, 'a3&j9&t8&', 794653, 361, 735878973781),
(206057, 'l2!k1&i7!', 272584, 484, 502828401733),
(891789, 'y7&p9!c7!', 278411, 867, 735878973782),
(981787, 'v7&s8!q2!', 736668, 577, 212142880212),
(116057, 'n3&x3!', 422573, 772, 735878973777),
(737533, 'e5&w0!', 697013, 731, 735878973778),
(412992, 'n0&b4&k4&', 330703, 788, 404715091966),
(621413, 'm8!j0&h8!', 659365, 648, 404715091966),
(891790, 'p9&n9!r2&', 490117, 866, 314715091971),
(322992, 'k5&k2&g3!', 338861, 346, 735878973779),
(531413, 'i8!y0&', 550031, 467, 404715091972),
(647533, 'u0!h5&i2!', 241722, 641, 404715091969),
(206058, 'x8!c8!k5!', 701201, 848, 502828401733),
(412993, 'c5&w3!x4!', 238130, 466, 212142880210);

--
-- Inserting data into table employee
--
INSERT INTO employee(empID, Salary, AadharNo) VALUES
(693345, 150000, 735878973781),
(345197, 200000, 645878973779),
(999999, 100000, 314715091967),
(198311, 50000, 645878973781),
(783346, 150000, 735878973783),
(435198, 200000, 502828401735),
(345198, 50000, 404715091970),
(435199, 200000, 122142880212),
(598830, 100000, 645878973777),
(345199, 50000, 592828401737),
(108311, 150000, 984091672368),
(198312, 200000, 404715091972),
(693346, 50000, 735878973780),
(508830, 50000, 404715091969),
(598831, 150000, 735878973782),
(108312, 50000, 502828401736),
(783347, 150000, 404715091966),
(924814, 50000, 735878973778),
(435200, 50000, 314715091971),
(693347, 100000, 212142880213),
(198313, 100000, 212142880212),
(783348, 50000, 645878973780),
(834817, 100000, 592828401736),
(508831, 50000, 592828401734),
(693348, 150000, 645878973782);

--
-- Inserting data into table accountopened
--
INSERT INTO accountopened(`Account#`, CustID, BranchID, DateOfOpening) VALUES
(2229187999, 981785, 4796, '2008-10-12'),
(3840200451, 981785, 5697, '1996-04-23'),
(1319955134, 206057, 3129, '2008-01-15'),
(2747300833, 647531, 4796, '1996-10-23'),
(4855150636, 981787, 4796, '1995-02-11'),
(2229187997, 531412, 4797, '2001-11-19'),
(3840200448, 981786, 3129, '1996-03-22'),
(4855150637, 647533, 3129, '2002-04-08'),
(4455150638, 206058, 5698, '2005-06-25'),
(3840200450, 531413, 3129, '1996-02-23'),
(3840200452, 116056, 5697, '1995-01-07'),
(3840200444, 737532, 3129, '1995-08-04'),
(1719955134, 322991, 5697, '2019-06-10'),
(1829187992, 621412, 2176, '2005-07-31'),
(1829187998, 981786, 5698, '2009-04-03'),
(3440200451, 116056, 2176, '2018-10-25'),
(2229187995, 647531, 4796, '2018-06-30'),
(2747300832, 621411, 5698, '2004-12-10'),
(3440200444, 116056, 2176, '2000-02-22'),
(3440200449, 621411, 3129, '2006-07-03'),
(3440200450, 412991, 5697, '2003-03-28'),
(2229187996, 981786, 5698, '2020-03-30'),
(2229187993, 737532, 5698, '2020-03-06'),
(3440200446, 647531, 4796, '1997-05-17'),
(3440200445, 891790, 4796, '1995-01-07'),
(1829187997, 621413, 4796, '2002-12-26'),
(1319955132, 647531, 2176, '2010-05-11'),
(2229187994, 981787, 4797, '2006-06-03'),
(1319955131, 412991, 3129, '2010-07-08'),
(3440200448, 322992, 3129, '1995-01-12'),
(4455150639, 891790, 3129, '2013-03-20'),
(3840200443, 322990, 5697, '2022-02-02'),
(3147300833, 206057, 3129, '2013-04-10'),
(3840200449, 412991, 4797, '2001-08-24'),
(3440200447, 412993, 2176, '2000-07-14'),
(4855150638, 999999, 4796, '1997-06-15'),
(1829187996, 531410, 4797, '2004-05-14'),
(3840200445, 621412, 5697, '2015-05-09'),
(1829187993, 412992, 2176, '2004-07-27'),
(3147300832, 531410, 2176, '2003-07-26'),
(1319955133, 891788, 5698, '1995-07-23'),
(3147300834, 981787, 3129, '1995-03-03'),
(3440200443, 737532, 5697, '2006-03-05'),
(3840200447, 412991, 3129, '2013-08-14'),
(3840200446, 621413, 5697, '2006-10-17'),
(1829187994, 891790, 4796, '1998-08-14'),
(2229187998, 412991, 5697, '1997-06-21'),
(1829187995, 322992, 5697, '2005-03-18'),
(1719955132, 981785, 4797, '2020-10-25'),
(1719955133, 412991, 4796, '1998-08-05');

--
-- Inserting data into table depositoryacc
--
INSERT INTO depositoryacc(`Account#`, InterestRate, minBalance, Type, `DebitCard#`) VALUES
(2229187993, 4, 5000, 'CURRENT', 1527301804120853),
(1319955134, 2, 10000, 'SAVINGS', 2427301804120850),
(1829187997, 4, 10000, 'SAVINGS', 2427301804120852),
(3440200451, 5, 15000, 'SAVINGS', 3061306820728276),
(3440200448, 2, 5000, 'CURRENT', 5204783058140334),
(2229187999, 5, 5000, 'SAVINGS', 9017774875588378),
(4455150639, 4, 15000, 'SAVINGS', 9917774875588374),
(2229187994, 3, 5000, 'CURRENT', 9017774875588380),
(4855150638, 2, 5000, 'SAVINGS', 9999999999999999),
(1319955133, 2, 10000, 'SAVINGS', 1527301804120852),
(1319955131, 5, NULL, 'SAVINGS', 9917774875588377),
(3147300833, 4, 5000, 'SAVINGS', 5204783058140330),
(3840200447, 2, 5000, 'CURRENT', 1527301804120850),
(3840200452, 3, NULL, 'SAVINGS', 7173237311628611),
(3840200443, 2, 5000, 'SAVINGS', 9917774875588376),
(3840200445, 3, 15000, 'CURRENT', 5204783058140332),
(3840200446, 5, 15000, 'CURRENT', 2427301804120853),
(1829187993, 2, NULL, 'CURRENT', 6104783058140331),
(3147300832, 3, 10000, 'SAVINGS', 7173237311628616),
(1719955134, 5, 5000, 'CURRENT', 3961306820728278),
(1829187998, NULL, 5000, 'SAVINGS', 6104783058140335),
(3440200443, 3, 5000, 'SAVINGS', 2427301804120851),
(1829187994, 3, 5000, 'SAVINGS', 5204783058140333),
(3147300834, 3, NULL, 'CURRENT', 8073237311628612),
(1829187995, NULL, 5000, 'SAVINGS', 7173237311628612),
(3840200444, 2, 10000, 'CURRENT', 8073237311628616),
(1829187992, 4, NULL, 'SAVINGS', 3061306820728277),
(3840200449, 5, 5000, 'SAVINGS', 7173237311628613),
(3440200444, 5, 5000, 'CURRENT', 9917774875588375),
(3440200447, 4, 10000, 'SAVINGS', 5204783058140335),
(1829187996, 2, 5000, 'SAVINGS', 3961306820728275),
(4855150636, 4, 5000, 'SAVINGS', 3961306820728277),
(2229187997, 3, 5000, 'CURRENT', 1527301804120849),
(3840200448, 2, 5000, 'SAVINGS', 2427301804120849),
(2229187998, 4, 5000, 'SAVINGS', 3061306820728274),
(3840200451, 5, 10000, 'SAVINGS', 3961306820728276),
(1719955132, 3, NULL, 'CURRENT', 3061306820728275),
(2747300833, NULL, 10000, 'SAVINGS', 6104783058140333),
(4455150638, 4, 5000, 'SAVINGS', 6104783058140330),
(2229187996, 5, 5000, 'CURRENT', 5204783058140331),
(1719955133, 5, 10000, 'SAVINGS', 7173237311628615),
(4855150637, 3, 10000, 'CURRENT', 9017774875588377),
(3840200450, 3, 10000, 'CURRENT', 8073237311628613),
(2229187995, 5, 5000, 'SAVINGS', 9017774875588379),
(2747300832, 3, 10000, 'CURRENT', 6104783058140334),
(3440200446, NULL, 5000, 'SAVINGS', 6104783058140332),
(3440200445, 5, 15000, 'CURRENT', 7173237311628614),
(1319955132, 4, NULL, 'CURRENT', 1527301804120851),
(3440200449, NULL, 5000, 'SAVINGS', 8073237311628615),
(3440200450, 4, NULL, 'CURRENT', 8073237311628614);

--
-- Inserting data into table employeeworks
--
INSERT INTO employeeworks(empID, branchID, DOJ) VALUES
(198312, 2176, '1999-12-22'),
(198311, 3129, '1998-12-27'),
(435199, 5698, '2000-06-19'),
(198311, 4797, '1999-06-25'),
(435199, 4797, '1999-06-25'),
(345199, 5697, '1998-06-30'),
(345199, 3129, '1998-12-27'),
(693346, 5698, '2000-06-19'),
(108311, 4797, '1999-06-25'),
(435199, 2176, '1999-12-22'),
(999999, 4796, '1998-01-01'),
(198311, 4796, '1998-01-01'),
(198312, 5698, '2000-06-19'),
(198311, 5697, '1998-06-30'),
(783346, 5697, '1998-06-30'),
(598830, 4796, '1998-01-01'),
(783346, 3129, '1998-12-27'),
(345198, 4796, '1998-01-01'),
(435199, 4796, '1998-01-01'),
(435198, 3129, '1998-12-27'),
(598830, 2176, '1999-12-22'),
(435199, 5697, '1998-06-30'),
(783346, 4797, '1999-06-25'),
(435198, 4797, '1999-06-25'),
(783346, 2176, '1999-12-22'),
(435198, 2176, '1999-12-22'),
(598830, 5698, '2000-06-19'),
(345199, 5698, '2000-06-19'),
(783346, 4796, '1998-01-01'),
(345198, 4797, '1999-06-25'),
(598830, 5697, '1998-06-30'),
(435198, 5698, '2000-06-19'),
(435198, 4796, '1998-01-01'),
(598830, 3129, '1998-12-27'),
(435198, 5697, '1998-06-30'),
(345198, 5697, '1998-06-30'),
(345198, 2176, '1999-12-22'),
(345198, 5698, '2000-06-19'),
(693345, 4796, '1998-01-01'),
(598830, 4797, '1999-06-25'),
(345199, 4797, '1999-06-25'),
(345198, 3129, '1998-12-27'),
(435199, 3129, '1998-12-27'),
(345197, 4796, '1998-01-01'),
(345199, 2176, '1999-12-22'),
(108311, 2176, '1999-12-22'),
(108311, 5698, '2000-06-19'),
(345197, 5697, '1998-06-30'),
(999999, 5697, '1998-06-30'),
(999999, 3129, '1998-12-27');

--
-- Inserting data into table fixeddeposits
--
INSERT INTO fixeddeposits(DepositNo, TenureMonth, DateOfCreation, Amount, ROI, CustId) VALUES
(736737, 81, '2020-06-17', 510828, 7, 531412),
(577194, 30, '2015-01-02', 458000, 7, 531410),
(999999, 48, '2021-12-19', 254327, 7, 981787),
(862554, 51, '2016-07-12', 968334, 6, 412991),
(152596, 47, '2019-07-23', 632695, 4, 647531),
(242597, 85, '2015-03-27', 267825, 7, 981785),
(152597, 104, '2020-11-03', 553581, 6, 531412),
(646737, 109, '2015-10-19', 303241, 5, 647533),
(952552, 82, '2015-01-04', 719403, 5, 531413),
(447505, 45, '2016-11-23', 62847, 5, 412993);

--
-- Inserting data into table manages
--
INSERT INTO manages(empID, branchID, DOJ) VALUES
(345197, 4796, '2009-02-09'),
(783346, 2176, '2014-02-21'),
(345197, 5697, '2014-02-20'),
(198311, 4797, '2016-05-11'),
(435198, 5698, '2016-05-12'),
(693345, 4796, '2009-02-09'),
(999999, 3129, '2011-05-01'),
(783346, 4797, '2016-05-11'),
(198311, 3129, '2011-05-01'),
(999999, 5697, '2014-02-20'),
(345198, 5698, '2016-05-12'),
(435198, 2176, '2014-02-21');

--
-- Inserting data into table phonenumbers
--
INSERT INTO phonenumbers(PhoneNumber, AadharNo) VALUES
(8138477654, 314715091972),
(8138477647, 502828401734),
(9999999999, 502828401735),
(9084789738, 502828401733),
(9785691529, 314715091970),
(7533193975, 735878973783),
(7233193974, 122142880212),
(7838477654, 592828401737),
(9084789743, 404715091972),
(8138477650, 212142880210),
(7838477648, 645878973777),
(7838477649, 404715091969),
(9384789743, 735878973782),
(7233193972, 735878973778),
(9785691528, 984091672369),
(9384789744, 212142880213),
(9785691527, 894091672371),
(9384789742, 314715091971),
(7838477653, 212142880212),
(9384789740, 314715091969),
(7533193973, 984091672370),
(9084789742, 645878973780),
(7838477647, 404715091967),
(9485691530, 592828401735),
(9384789739, 735878973777),
(8138477648, 314715091967),
(8643842208, 645878973778),
(9485691532, 404715091971),
(7838477650, 894091672372),
(9485691531, 122142880209),
(7533193974, 645878973782),
(9084789739, 984091672368),
(7838477651, 122142880210),
(7838477652, 122142880211),
(9084789740, 404715091970),
(7233193973, 502828401736),
(8138477649, 314715091968),
(8343842207, 404715091968),
(9084789737, 404715091966),
(9785691530, 212142880211),
(8343842208, 735878973781),
(8138477651, 592828401736),
(9384789741, 735878973779),
(8643842207, 592828401734),
(9084789741, 645878973779),
(8138477653, 645878973781),
(8138477652, 735878973780),
(8138477646, 894091672370),
(7838477646, 314715091966),
(9384789738, 999999999999);

--
-- Inserting data into table transactions
--
INSERT INTO transactions(TransactionID, Amount, Status, Type, DateTime, CustID, `Account#`) VALUES
(4256529423, 976202.68, 'C', 'DEBIT', '2001-03-05 08:53:07', 116057, 3840200444),
(3356529423, 361202.12, 'C', 'DEBIT', '1997-01-29 10:23:21', 322992, 1829187996),
(2312520522, 458733.05, 'C', 'CREDIT', '1993-12-11 05:58:17', 412991, 1719955132),
(4256529424, 680698.73, 'C', 'DEBIT', '2016-12-23 10:27:19', 737533, 1829187996),
(5524145716, 556254.92, 'C', 'DEBIT', '2015-08-11 08:00:49', 116056, 3840200445),
(1412520522, 281953.5, 'C', 'DEBIT', '1995-10-05 20:20:30', 621412, 3440200444),
(4624145716, 550174.76, 'C', 'DEBIT', '2009-01-11 13:05:13', 647533, 3147300833),
(7566054975, 573892.59, 'C', 'DEBIT', '2014-02-20 04:26:23', 891788, 3840200449),
(9476983220, 757267.71, 'C', 'DEBIT', '1991-01-01 00:00:03', 412991, 3840200448),
(9999999999, 531402.66, 'C', 'DEBIT', '2012-09-10 23:19:33', 891788, 1829187994),
(2312520523, 138133.42, 'C', 'CREDIT', '1994-11-24 12:51:57', 531411, 3147300833),
(1412520523, 277231.64, 'P', 'DEBIT', '2010-06-19 03:15:06', 621413, 3840200447),
(8576983223, 85634.64, 'P', 'DEBIT', '1998-03-09 06:48:36', 647532, 1829187993),
(9476983221, 618637.17, 'P', 'DEBIT', '2017-12-27 07:39:04', 116057, 3147300832),
(8576983224, 469867.72, 'C', 'DEBIT', '2000-03-26 07:40:21', 412991, 3147300833),
(3356529424, 186430.56, 'F', 'DEBIT', '2014-09-08 17:57:31', 891789, 1319955131),
(2312520524, 395293.01, 'C', 'CREDIT', '2014-01-20 05:52:27', 116057, 4855150638),
(6666054975, 268302.27, 'P', 'DEBIT', '2008-09-14 01:43:07', 322992, 1829187997),
(1412520524, 363537.7, 'P', 'CREDIT', '1993-08-07 10:12:06', 981787, 3840200452),
(2312520525, 749632.71, 'F', 'DEBIT', '2017-06-15 15:37:36', 647532, 2229187999),
(9476983222, 869410.2, 'C', 'DEBIT', '2004-06-04 01:00:35', 531411, 3840200443),
(5524145717, 963738.01, 'C', 'CREDIT', '1992-05-17 18:22:24', 206056, 1319955134),
(4624145717, 419060.05, 'F', 'DEBIT', '2002-06-11 08:09:49', 891789, 3440200450),
(7566054976, 943894.67, 'C', 'DEBIT', '1991-01-01 00:16:40', 206056, 3440200447),
(1412520525, 119037.94, 'C', 'DEBIT', '1991-01-01 00:01:37', 412992, 3440200444),
(4256529425, 368015.35, 'C', 'CREDIT', '1999-10-25 01:12:14', 412992, 3840200447),
(5524145718, 562402.93, 'C', 'CREDIT', '1991-01-01 00:00:58', 737532, 2229187996),
(8576983225, 830886.26, 'C', 'CREDIT', '1991-01-01 00:20:22', 531413, 2229187998),
(4624145718, 292140.53, 'C', 'DEBIT', '2008-08-31 19:01:02', 621411, 1829187994),
(3356529425, 291891.2, 'C', 'DEBIT', '1991-01-01 01:04:28', 116056, 3840200450),
(2312520526, 841712.56, 'C', 'DEBIT', '1995-07-04 02:56:13', 531410, 2229187996),
(1412520526, 647816.38, 'P', 'CREDIT', '2000-06-16 16:24:53', 647531, 3440200446),
(4256529426, 180775.84, 'C', 'CREDIT', '2021-07-29 21:39:56', 981786, 1319955133),
(6666054976, 776761.43, 'F', 'CREDIT', '2003-03-02 14:59:32', 412992, 3840200449),
(9476983223, 601175.58, 'F', 'DEBIT', '1991-01-01 00:00:05', 116057, 3440200450),
(8576983226, 787612.69, 'C', 'DEBIT', '2008-10-07 01:19:37', 737532, 2747300833),
(2312520527, 104686.88, 'C', 'CREDIT', '1991-01-01 00:01:40', 412991, 1719955133),
(1412520527, 878779.14, 'C', 'CREDIT', '2005-05-29 00:15:34', 891790, 2229187999),
(2312520528, 493358.68, 'C', 'DEBIT', '2005-07-09 19:54:34', 322991, 1319955132),
(9476983224, 308985.38, 'P', 'DEBIT', '1991-01-01 00:01:30', 621412, 1829187992),
(1412520528, 100.47, 'C', 'DEBIT', '1991-01-01 00:01:58', 531411, 1319955132),
(3356529426, 744685.37, 'C', 'CREDIT', '2022-02-15 04:11:26', 531413, 3840200449),
(2312520529, 448961.48, 'C', 'CREDIT', '1991-01-01 00:00:51', 737532, 3147300833),
(1412520529, 770478.21, 'C', 'DEBIT', '1991-01-01 01:32:48', 621412, 2229187995),
(5524145719, 849067.64, 'C', 'CREDIT', '2017-03-26 21:49:06', 531413, 1319955134),
(4624145719, 61655.13, 'P', 'DEBIT', '1991-01-01 00:00:04', 891788, 1719955132),
(8576983227, 973126.93, 'C', 'DEBIT', '2004-12-06 01:12:56', 322990, 3840200448),
(4256529427, 510599.7, 'C', 'DEBIT', '1992-08-02 03:10:57', 206058, 1719955134),
(2312520530, 181976.7, 'C', 'CREDIT', '2003-03-02 11:16:32', 116057, 2229187998),
(1412520530, 183093.11, 'F', 'CREDIT', '1991-01-01 00:00:06', 737532, 2229187995);