USE bankingsystem;
TRUNCATE TABLE transactions;
TRUNCATE TABLE phonenumbers;
TRUNCATE TABLE manages;
TRUNCATE TABLE loanrequests;
TRUNCATE TABLE loanacc;
TRUNCATE TABLE fixeddeposits;
TRUNCATE TABLE depositoryacc;
TRUNCATE TABLE accountopened;
DELETE FROM employee;
DELETE FROM customer;
DELETE FROM person;
TRUNCATE TABLE debitcard;
TRUNCATE TABLE creditcard;
DELETE FROM cards;
DELETE FROM branch;
DELETE FROM account;
INSERT INTO account(`Account#`, Balance)
VALUES (4087839394, -8022.95),
    (6259109357, 8011993.31),
    (9999999999, 5508973.07),
    (3187839394, -728646.23),
    (9607739662, 3801461.09),
    (7747493370, 9077039.36),
    (5359109357, -100458.27),
    (4087839395, 9786326.15),
    (3187839395, 1961655.94),
    (6847493370, -427431.06),
    (8707739665, 2961812.88),
    (4087839396, 1702704.24),
    (6259109358, 4439146.09),
    (7747493371, -92.25),
    (3187839396, 3278426.42),
    (4087839397, 5824515.72),
    (3187839397, 5475227.45),
    (4087839398, 2868600.22),
    (9607739663, 7447010.53),
    (6847493371, 2266747.47),
    (7747493372, 8731473.21),
    (5359109358, 8924358.18),
    (6847493372, 2083525.21),
    (6259109359, 2216862.06),
    (8707739666, 9793256.52),
    (3187839398, 2234720.09),
    (7747493373, 8260334.6),
    (6847493373, -864355.57),
    (5359109359, 1271117.72),
    (1971451535, 5793875.2),
    (6259109360, 8087720.96),
    (5359109360, 7390138.19),
    (6259109361, 4409919.04),
    (4087839399, -1.68),
    (3187839399, 5417912.36),
    (1071451535, -1413.5),
    (4087839400, 9258202.79),
    (7747493374, 4724825.64),
    (6847493374, 4101478.7),
    (5359109361, -993773.05),
    (1971451536, 5309806.65),
    (9607739664, 3817802.34),
    (6259109362, 6552857.94),
    (5359109362, -22.78),
    (3187839400, -280413.74),
    (6259109363, 7.24),
    (1071451536, -46.92),
    (4087839401, 64.2),
    (8707739667, 951.56),
    (3187839401, 4745423.92);
INSERT INTO branch(branchID, Locality, City, State)
VALUES (9999, 'NLBXQRYH', 'River Forest', 'Indiana'),
    (9629, 'MGWREWNGH', 'Onaway', 'Idaho'),
    (8732, 'WNZZQZZE', 'River Grove', 'New York'),
    (9630, 'EYQKGGG', 'Marlin', 'Louisiana'),
    (6176, 'GVZQZGS', 'Oneida', 'Alabama'),
    (5276, 'PUTCFEUFGSXQ', 'Eldridge', 'Louisiana'),
    (3845, 'YMGAMRB', 'River Rouge', 'West Virginia'),
    (8733, 'GEENBQA', 'Joy', 'Alabama'),
    (7926, 'ESYJDS', 'Zuni', 'Colorado'),
    (1422, 'EYGLYFFOSU', 'Gypsum', 'Mississippi'),
    (7026, 'BDXPBC', 'Eleanor', 'Nevada'),
    (2945, 'TUSPYP', 'Corry', 'Florida'),
    (9631, 'DFXQMC', 'Oneill', 'Massachusetts'),
    (6177, 'ZMNTSRTUKATE', 'Solomon', 'Wisconsin'),
    (5277, 'FHCLSDVX', 'Boyce', 'Florida'),
    (7927, 'ECUBUN', 'Corryton', 'Wisconsin'),
    (7027, 'JQYIUCEO', 'Boyceville', 'Rhode Island'),
    (7928, 'KKGSFHD', 'Wabeno', 'Missouri'),
    (8734, 'FLWREX', 'Hacienda Heights', 'Illinois'),
    (3846, 'LGWTLTXE', 'Electra', 'New York'),
    (2946, 'PSMIHXUDIPSR', 'Riverbank', 'Illinois'),
    (9632, 'JAJHXH', 'Corsica', 'Nebraska'),
    (8735, 'OMCKIO', 'Boyden', 'Tennessee'),
    (2323, 'DXNHJMC', 'Solomons', 'Minnesota'),
    (1423, 'MRUBDCQ', 'Oneonta', 'Massachusetts'),
    (2324, 'WAWUZIYCSPPD', 'Corsicana', 'Oklahoma'),
    (9633, 'VYTKJQZITW', 'Boyds', 'West Virginia'),
    (8736, 'RIUYBNK', 'Cortaro', 'Missouri'),
    (1424, 'DZXDHBT', 'Riverdale', 'Massachusetts'),
    (3847, 'WGLENM', 'Marlinton', 'North Dakota'),
    (2947, 'RLWNQQ', 'Boydton', 'Arizona'),
    (9634, 'JCLHWYEXRHPBSGDG', 'Waccabuc', 'Ohio'),
    (8737, 'RVRNGYNZSEXRREHJ', 'Onida', 'Nevada'),
    (9635, 'EDDXIVZI', 'Solon', 'Michigan'),
    (6178, 'TNHIPB', 'Riverhead', 'Minnesota'),
    (2325, 'SSHVYXLBXP', 'Joyce', 'Louisiana'),
    (1425, 'UTQGZTQ', 'Onondaga', 'Alabama'),
    (
        8738,
        'ZGLRGMCLNFSFUS',
        'Riverside',
        'Connecticut'
    ),
    (5278, 'XTOZAI', 'Waco', 'Minnesota'),
    (6179, 'JFKDPCDI', 'Solon Springs', 'Texas'),
    (5279, 'GIMIQDYI', 'Onondaga County', 'Texas'),
    (9636, 'XMNTJJZBV', 'Marlow', 'Nebraska'),
    (6180, 'XOVIIZB', 'Corte Madera', 'Iowa'),
    (5280, 'YMIBGQEDB', 'Waconia', 'Arizona'),
    (
        7028,
        'IDJIHYAGTISFOL',
        'Hackensack',
        'New Mexico'
    ),
    (6181, 'MPNSGT', 'Boyertown', 'Tennessee'),
    (8739, 'TELPTTQEOGOVAX', 'Riverton', 'Ohio'),
    (5281, 'POVCHUJEM', 'Cortez', 'Alaska'),
    (
        3848,
        'MXGETL',
        'Boyes Hot Springs',
        'Mississippi'
    ),
    (2948, 'DGUBAOS', 'Eleele', 'Arkansas');
INSERT INTO cards(CardNo, Term_Yrs, IssueDate, CType, CSubType)
VALUES (
        4979828859038150,
        5,
        '2012-01-06',
        'DEBIT',
        'JCB'
    ),
    (
        9999999999999999,
        4,
        '2013-03-30',
        'DEBIT',
        'JCB'
    ),
    (
        9535488776108335,
        5,
        '2017-02-03',
        'DEBIT',
        'American Express'
    ),
    (
        5879828859038151,
        6,
        '2022-01-04',
        'DEBIT',
        'Diners Club'
    ),
    (
        8635488776108338,
        8,
        '2019-05-15',
        'DEBIT',
        'VISA'
    ),
    (
        2869121685495261,
        6,
        '2011-11-05',
        'DEBIT',
        'Diners Club'
    ),
    (
        4979828859038151,
        9,
        '2011-07-21',
        'DEBIT',
        'VISA'
    ),
    (
        1421019838722529,
        9,
        '2012-07-03',
        'DEBIT',
        'Diners Club'
    ),
    (
        2321019838722530,
        11,
        '2020-02-11',
        'DEBIT',
        'Diners Club'
    ),
    (
        9535488776108336,
        7,
        '2017-04-09',
        'DEBIT',
        'JCB'
    ),
    (
        5879828859038152,
        9,
        '2015-04-06',
        'DEBIT',
        'China UnionPay'
    ),
    (
        7108675422571377,
        7,
        '2010-01-31',
        'DEBIT',
        'Diners Club'
    ),
    (
        8008675422571378,
        9,
        '2011-08-25',
        'DEBIT',
        'American Express'
    ),
    (
        3769121685495262,
        12,
        '2015-01-11',
        'DEBIT',
        'Discover'
    ),
    (
        7108675422571378,
        7,
        '2010-01-14',
        'DEBIT',
        'Diners Club'
    ),
    (
        4979828859038152,
        7,
        '2017-01-31',
        'DEBIT',
        'Discover'
    ),
    (
        2869121685495262,
        10,
        '2013-05-07',
        'DEBIT',
        'Diners Club'
    ),
    (
        1421019838722530,
        9,
        '2018-06-23',
        'DEBIT',
        'American Express'
    ),
    (
        8635488776108339,
        8,
        '2010-01-06',
        'DEBIT',
        'Diners Club'
    ),
    (
        9535488776108337,
        10,
        '2013-05-13',
        'DEBIT',
        'Diners Club'
    ),
    (
        2321019838722531,
        8,
        '2020-01-16',
        'DEBIT',
        'JCB'
    ),
    (
        8008675422571379,
        6,
        '2013-09-21',
        'DEBIT',
        'JCB'
    ),
    (
        3769121685495263,
        12,
        '2011-12-26',
        'DEBIT',
        'Mastercard'
    ),
    (
        5879828859038153,
        6,
        '2018-11-24',
        'DEBIT',
        'American Express'
    ),
    (
        8635488776108340,
        9,
        '2014-04-10',
        'DEBIT',
        'VISA'
    ),
    (
        2869121685495263,
        5,
        '2010-03-16',
        'DEBIT',
        'Discover'
    ),
    (
        4979828859038153,
        12,
        '2014-07-14',
        'DEBIT',
        'China UnionPay'
    ),
    (
        7108675422571379,
        12,
        '2010-06-25',
        'DEBIT',
        'JCB'
    ),
    (
        1421019838722531,
        11,
        '2017-03-05',
        'DEBIT',
        'China UnionPay'
    ),
    (
        3769121685495264,
        6,
        '2012-05-19',
        'DEBIT',
        'American Express'
    ),
    (
        5879828859038154,
        6,
        '2014-02-09',
        'DEBIT',
        'Mastercard'
    ),
    (
        8008675422571380,
        4,
        '2018-06-29',
        'DEBIT',
        'JCB'
    ),
    (
        2321019838722532,
        10,
        '2012-08-30',
        'DEBIT',
        'Discover'
    ),
    (
        7108675422571380,
        7,
        '2012-02-19',
        'DEBIT',
        'Mastercard'
    ),
    (
        9535488776108338,
        10,
        '2017-08-14',
        'DEBIT',
        'Discover'
    ),
    (
        8008675422571381,
        10,
        '2010-02-14',
        'DEBIT',
        'China UnionPay'
    ),
    (
        1421019838722532,
        7,
        '2020-11-05',
        'DEBIT',
        'JCB'
    ),
    (
        2321019838722533,
        12,
        '2021-11-18',
        'DEBIT',
        'American Express'
    ),
    (
        8635488776108341,
        7,
        '2015-12-22',
        'DEBIT',
        'VISA'
    ),
    (
        9535488776108339,
        9,
        '2019-02-14',
        'DEBIT',
        'Diners Club'
    ),
    (
        4979828859038154,
        12,
        '2018-06-15',
        'DEBIT',
        'American Express'
    ),
    (
        8635488776108342,
        9,
        '2010-02-23',
        'DEBIT',
        'VISA'
    ),
    (
        7108675422571381,
        7,
        '2011-01-18',
        'DEBIT',
        'JCB'
    ),
    (
        9535488776108340,
        10,
        '2010-09-01',
        'DEBIT',
        'China UnionPay'
    ),
    (
        1421019838722533,
        8,
        '2010-01-17',
        'DEBIT',
        'JCB'
    ),
    (
        2321019838722534,
        5,
        '2013-10-24',
        'DEBIT',
        'Mastercard'
    ),
    (
        2869121685495264,
        5,
        '2013-09-07',
        'DEBIT',
        'VISA'
    ),
    (
        1421019838722534,
        5,
        '2021-05-12',
        'DEBIT',
        'Discover'
    ),
    (
        5879828859038155,
        7,
        '2017-07-31',
        'DEBIT',
        'American Express'
    ),
    (
        8635488776108343,
        6,
        '2016-08-21',
        'DEBIT',
        'Mastercard'
    );
INSERT INTO creditcard(
        CType,
        MonthlyInterest,
        Eligibility_score,
        Cash_Limit,
        Joining_Fee,
        Annual_Fee
    )
VALUES ('VISA', 15, 463, 500000, 1500, 500),
    ('Mastercard', 6, 581, 400000, 500, 500),
    ('JCB', 24, 701, 300000, 2500, 500),
    ('China UnionPay', 10, 605, 200000, 2000, 500),
    ('Discover', 22, 787, 100000, 1000, 500);
INSERT INTO debitcard(
        CType,
        CashBack_percent,
        Points,
        Withdrawal_Limit,
        Renewal_Fee
    )
VALUES ('Mastercard', 6, 100, 50000, 500),
    ('VISA', 14, 400, 100000, 2000),
    ('Maestro', 8, 300, 100000, 1500),
    ('American Express', 9, 200, 50000, 1000);
INSERT INTO person(
        AadharNo,
        FirstName,
        LastName,
        DOB,
        Gender,
        HouseNo,
        Locality,
        City,
        State
    )
VALUES (
        400420707799,
        'Allene',
        'Angel',
        '1952-03-31',
        'F',
        '9UDH',
        '7P1799',
        'Palco',
        'Iowa'
    ),
    (
        310420707799,
        'Adalberto',
        'Oates',
        '1952-04-18',
        'M',
        '6',
        'GF7644',
        'Rudyard',
        'South Carolina'
    ),
    (
        400420707800,
        'Claud',
        'Stuart',
        '1972-09-01',
        'F',
        '5XTVRH0WEJH27RG7',
        'A',
        'Mishawaka',
        'Colorado'
    ),
    (
        999999999999,
        'Adela',
        'Hess',
        '1952-01-06',
        'F',
        'HKPG5',
        'GE9',
        'Lakehurst',
        'Louisiana'
    ),
    (
        809136738493,
        'Cleo',
        'Woodley',
        '1969-12-22',
        'M',
        '1T2',
        '8V59308J6J01Y2T7',
        'Mishicot',
        'Minnesota'
    ),
    (
        196915550823,
        'Blaine',
        'Lawler',
        '1987-06-09',
        'F',
        '3',
        'EH4C3',
        'Palermo',
        'Texas'
    ),
    (
        719136738493,
        'Lulu',
        NULL,
        '1952-07-15',
        'M',
        NULL,
        '5LN9',
        'Waldwick',
        'Nevada'
    ),
    (
        310420707800,
        'Apryl',
        'Stubblefield',
        '1952-01-08',
        'F',
        'O789V4',
        'FX',
        'Lakeland',
        'Oklahoma'
    ),
    (
        400420707801,
        'Arlen',
        'Hester',
        '1962-09-04',
        'O',
        '0AV488R68S5ME0',
        '8796',
        'Zuni',
        'Vermont'
    ),
    (
        882519300068,
        'Karleen',
        'Brumfield',
        '1954-10-22',
        'M',
        '2NK670',
        '04984',
        'Alexandria',
        'Wyoming'
    ),
    (
        809136738494,
        'Caroline',
        'Anglin',
        '1952-01-09',
        'F',
        'F96Q82',
        'H9KP1JWI7Z7389',
        'Mission',
        'Indiana'
    ),
    (
        608823061355,
        'Aleta',
        'Rock',
        '1958-11-21',
        'M',
        'NVXQK',
        'SZTGSM793C59',
        'Eutaw',
        'Alaska'
    ),
    (
        310420707801,
        'Germaine',
        'Lawless',
        '1970-07-08',
        'O',
        '035UM',
        '3TKJXS00V804',
        'Hawleyville',
        'Hawaii'
    ),
    (
        719136738494,
        'Graig',
        'Dehart',
        '1956-07-27',
        'F',
        '90MQ3P7LEXIJAA4',
        'GRT9Q3ADST464MT65L',
        'South Easton',
        'Kentucky'
    ),
    (
        972519300066,
        'Queenie',
        'Bruner',
        '1994-06-07',
        'M',
        'OL50BX2Y',
        'E7JY60',
        'Lakemont',
        'Wisconsin'
    ),
    (
        518823061355,
        'Jame',
        'Hewitt',
        '1965-09-21',
        'M',
        'Z',
        NULL,
        'Wales',
        'Hawaii'
    ),
    (
        400420707802,
        'Bruce',
        'Obrien',
        '1976-01-14',
        'M',
        '0',
        '6R',
        'Buda',
        'Washington'
    ),
    (
        882519300069,
        'Loraine',
        'Gale',
        '1995-10-19',
        'F',
        '2Y3F0053UL88O',
        'OC258VU760',
        'Ruffin',
        'Maryland'
    ),
    (
        809136738495,
        'Genaro',
        'Angulo',
        '1953-03-16',
        'F',
        '3FEN44UU',
        '8L',
        'Alexandria Bay',
        'Wyoming'
    ),
    (
        972519300067,
        'Nicolette',
        'Rockwell',
        '1988-09-01',
        'M',
        '50S163F1',
        '84GO22YO',
        'Evangeline',
        'South Carolina'
    ),
    (
        719136738495,
        'Rene',
        'Lawrence',
        '1991-04-04',
        'O',
        '0D',
        'E45LA4',
        'Haworth',
        'Maine'
    ),
    (
        106915550823,
        'Darcie',
        'Obryan',
        '1952-07-11',
        'F',
        '5',
        'E',
        'Palestine',
        'West Virginia'
    ),
    (
        809136738496,
        'Jack',
        'Hiatt',
        '1976-02-14',
        'F',
        'Q',
        '48F4T2U0PC7',
        'Mission Hills',
        'Indiana'
    ),
    (
        310420707802,
        'Kirstin',
        'Woodruff',
        '1990-12-16',
        'F',
        '5GP',
        'D2XV679Q0',
        'Budd Lake',
        'South Dakota'
    ),
    (
        608823061356,
        'Roman',
        'Laws',
        '1964-11-08',
        'M',
        'GVIDUC018I',
        'S',
        'Rufus',
        'North Carolina'
    ),
    (
        518823061356,
        'Abigail',
        'Brunner',
        '1961-10-22',
        'M',
        'QYVYA',
        '8U5',
        'Alexis',
        'Alabama'
    ),
    (
        882519300070,
        'Tinisha',
        NULL,
        '1984-12-09',
        'O',
        NULL,
        '981U1DH',
        'Lakeport',
        'Minnesota'
    ),
    (
        608823061357,
        'Coralie',
        'Dejesus',
        '1960-06-27',
        'F',
        '1PF9E05D5J21VZFU557',
        '3W',
        'Evans',
        'Kentucky'
    ),
    (
        719136738496,
        'Brigette',
        'Galindo',
        '1958-05-24',
        'F',
        'KQS4',
        '6CDD',
        'Mission Viejo',
        'Vermont'
    ),
    (
        809136738497,
        'Marcelo',
        'Roden',
        '1971-04-12',
        'F',
        '1',
        'UO0',
        'Lakeside',
        'Connecticut'
    ),
    (
        719136738497,
        'Deanna',
        'Delacruz',
        '1981-05-27',
        'M',
        'K87966O9XVBIYQ1',
        'Q9KE7',
        'Hawthorne',
        'New Hampshire'
    ),
    (
        972519300068,
        'Abel',
        'Hibbard',
        '1970-07-11',
        'F',
        '91IF0',
        '5',
        'Evansport',
        'Indiana'
    ),
    (
        882519300071,
        'Tommy',
        NULL,
        '1968-08-31',
        'F',
        NULL,
        'MI6829Z32CT',
        'Mississippi State',
        'New Jersey'
    ),
    (
        809136738498,
        'Armanda',
        NULL,
        '2001-04-24',
        'F',
        NULL,
        '286H4OF',
        'Buellton',
        'New Mexico'
    ),
    (
        196915550824,
        'Adolfo',
        'Lawson',
        '1971-08-19',
        'F',
        'XQ11N48LRG9',
        'I8U',
        'Palisades',
        'Washington'
    ),
    (
        400420707803,
        'Keila',
        NULL,
        '1952-01-02',
        'O',
        NULL,
        'N39V5Q0',
        'Alfred',
        'Wyoming'
    ),
    (
        106915550824,
        'Rey',
        'Hickey',
        '1952-01-01',
        'M',
        '55KGGN8GJJ5J0M4U',
        '0H9PIHN9X0',
        'Haxtun',
        'Idaho'
    ),
    (
        972519300069,
        'Albert',
        'Ocampo',
        '1968-09-03',
        'M',
        '75NHK6JV9HM8XY0',
        '9X1YD6BQ4I',
        'Evanston',
        'South Dakota'
    ),
    (
        882519300072,
        'Cyril',
        'Roderick',
        '1962-11-25',
        'M',
        'E930866',
        NULL,
        'South Egremont',
        'Arizona'
    ),
    (
        518823061357,
        'Merlin',
        'Lawton',
        '1952-01-10',
        'M',
        'E82BB072748MM6BL',
        '1QKS922URW',
        'Hay',
        'Kansas'
    ),
    (
        972519300070,
        'Trenton',
        NULL,
        '1994-04-26',
        'F',
        NULL,
        'R4XP11W4YQXY38U081A',
        'Lakeside Marblehead',
        'Alabama'
    ),
    (
        719136738498,
        'Caleb',
        'Stubbs',
        '1962-07-17',
        'M',
        '8IZ39J',
        'N0N07',
        'Missoula',
        'Mississippi'
    ),
    (
        809136738499,
        'Brady',
        'Anthony',
        '1993-02-13',
        'O',
        'Y9',
        'A7A87689W5TL378',
        'Waleska',
        'Arkansas'
    ),
    (
        608823061358,
        'Michael',
        'Woods',
        '1963-05-30',
        'M',
        'G7Y03',
        '4N',
        'Lakeview',
        'Colorado'
    ),
    (
        719136738499,
        'Reanna',
        'Ocasio',
        '1954-01-27',
        'F',
        '37TAO',
        '614R0R',
        'Evansville',
        'California'
    ),
    (
        882519300073,
        'Bruno',
        'Rodgers',
        '1993-05-24',
        'F',
        '1730OO400ES',
        'F',
        'Missouri City',
        'Arizona'
    ),
    (
        809136738500,
        'Toby',
        'Gallagher',
        '1992-02-03',
        'M',
        '2',
        NULL,
        'Buena',
        'Idaho'
    ),
    (
        196915550825,
        'Lorina',
        'Ochoa',
        '1992-11-19',
        'F',
        'UC0B5T8S',
        '6B10UA7C95ZJT7K52R53S6K1900I53',
        'Hay Springs',
        'Florida'
    ),
    (
        972519300071,
        'Jody',
        'Hickman',
        '1982-08-07',
        'F',
        'NFY',
        '170K',
        'South El Monte',
        'Florida'
    ),
    (
        518823061358,
        'Alden',
        'Lay',
        '1952-01-06',
        'F',
        'VP0MV3LPC5S7LX8',
        NULL,
        'Walhalla',
        'Indiana'
    );
INSERT INTO customer(
        CustID,
        Password,
        Income,
        `Credit Score`,
        AadharNo
    )
VALUES (652810, 'B9FzAfFutR', 3126537, 741, 400420707800),
    (
        638903,
        'l51lDZKbU41EPb',
        2130260,
        429,
        310420707801
    ),
    (
        325369,
        'J9lApXRGs3jLVK11u',
        5797244,
        776,
        882519300071
    ),
    (
        742811,
        'X58O_c5GJRVVi3n-Kn',
        6175990,
        672,
        882519300072
    ),
    (103981, 'q2eF3d5T', 9007229, 675, 972519300069),
    (
        193982,
        'A637ZdLcz7W',
        4422043,
        646,
        608823061357
    ),
    (
        548903,
        'T78$rel5NIp',
        2796097,
        794,
        608823061357
    ),
    (916964, 'C31N^3QI1', 9855790, 800, 882519300073),
    (
        826967,
        'G2747456mj1#',
        3247473,
        355,
        608823061357
    ),
    (
        103982,
        'o388yv-7%g16xl',
        9048855,
        517,
        719136738495
    ),
    (
        999999,
        'm3XvPV80yf2ZoZ7',
        5084530,
        387,
        106915550824
    ),
    (
        652811,
        'i2fIR6yF9kQ',
        4791935,
        306,
        972519300067
    ),
    (193983, 'S07xE6pg73z', 551599, 836, 608823061355),
    (415370, 'l6I228zs4f', 7416251, 463, 608823061357),
    (742812, 'B46hb512N', 8239581, 779, 972519300067),
    (
        638904,
        'I3!x6KbW#7*6$5',
        9933766,
        695,
        719136738493
    ),
    (103983, 't6w6kp27', 5960201, 308, 809136738496),
    (548904, 'T9eMMg04', 9138079, 642, 999999999999),
    (
        652812,
        'M91dCRpY63W1ZYf',
        658562,
        610,
        809136738496
    ),
    (742813, 'C9p^VcD10', 6197712, 417, 310420707799),
    (652813, 'i3tgYc6C1w', 3426133, 610, 608823061357),
    (325370, 'V6_xdZVq', 351998, 463, 196915550825),
    (
        916965,
        'O70k@ZWeTL2-5',
        7087634,
        331,
        972519300068
    ),
    (
        742814,
        'd44o?_0e2jhuYTJY0$',
        8065823,
        305,
        719136738493
    ),
    (
        652814,
        'i2F43ESYw4b',
        4979614,
        887,
        608823061357
    ),
    (638905, 'G1&GOl*7q', 6712630, 440, 809136738499),
    (415371, 'A94bIs7Q8T', 7424689, 308, 809136738497),
    (193984, 'B6vZV0Cw', 538194, 562, 608823061357),
    (
        742815,
        'R61I9Q1aMG7*',
        1015012,
        334,
        518823061357
    ),
    (
        652815,
        'C2b202QxL5Dyz2',
        6470379,
        731,
        809136738497
    ),
    (
        742816,
        'T5I4-eFu&YS',
        3819994,
        550,
        608823061357
    ),
    (
        103984,
        'g80cmvHzaIl2',
        7628623,
        426,
        809136738493
    ),
    (
        325371,
        'E7tnworX21inx',
        6855585,
        489,
        400420707803
    ),
    (
        193985,
        'K9cM35l^Es9E22dq-T',
        492420,
        357,
        882519300069
    ),
    (415372, 'n0tY7ic2HV', 2112970, 391, 400420707802),
    (
        325372,
        'S2^o4w&96Ey',
        9866541,
        752,
        400420707801
    ),
    (548905, 'Q136nj$wHw', 2369436, 471, 518823061356),
    (
        652816,
        'K04ZscZ12xw3Vh',
        8708368,
        444,
        809136738493
    ),
    (
        103985,
        'p16vB5s38dzNO?',
        7300878,
        445,
        719136738497
    ),
    (826968, 'L35279fpq', 8769308, 792, 719136738499),
    (
        193986,
        'F0TI7b46%eolo',
        843729,
        310,
        972519300066
    ),
    (
        415373,
        's2485TE7KBLccg4TQS',
        2014555,
        897,
        972519300067
    ),
    (638906, 'c4gyw%246', 6069514, 849, 972519300071),
    (548906, 'X5eBKddc9B', 6891255, 557, 518823061356),
    (325373, 'z97RQz!K1', 7499617, 845, 518823061358),
    (
        916966,
        'o8A4W17CKb09m9-',
        6834429,
        720,
        310420707799
    ),
    (826969, 'D59DK*2o0d', 6800978, 871, 809136738498),
    (
        638907,
        'i2l#-wuPt&2',
        3596935,
        691,
        809136738498
    ),
    (916967, 'V1G9*@8g6@r', 864937, 601, 719136738499),
    (
        103986,
        'm92tl#GwM7Fev65g7l',
        2173941,
        484,
        719136738498
    );
INSERT INTO employee(empID, Salary, DOJ, branchID, AadharNo)
VALUES (
        272303,
        1198675,
        '1970-01-01',
        9635,
        518823061357
    ),
    (285942, 667954, '2017-02-03', 9631, 196915550824),
    (976980, 894490, '1991-12-30', 5279, 809136738494),
    (
        734892,
        1118289,
        '1980-07-25',
        3845,
        972519300070
    ),
    (
        375943,
        1737644,
        '1971-05-02',
        6180,
        518823061358
    ),
    (644892, 639126, '1970-12-30', 8736, 882519300069),
    (
        618896,
        1001303,
        '1975-11-17',
        9630,
        518823061356
    ),
    (
        285943,
        1663932,
        '1970-01-06',
        8736,
        719136738499
    ),
    (
        734893,
        1772683,
        '1970-01-09',
        7028,
        310420707801
    ),
    (
        999999,
        1149974,
        '2000-02-25',
        9634,
        196915550825
    ),
    (886983, 975130, '1970-03-04', 2323, 196915550823),
    (
        375944,
        1439222,
        '1979-01-07',
        8736,
        882519300073
    ),
    (
        182303,
        1414862,
        '2016-12-07',
        8734,
        400420707803
    ),
    (285944, 942532, '2015-11-18', 7928, 809136738495),
    (375945, 631510, '1985-06-22', 7926, 719136738498),
    (
        644893,
        1513222,
        '1970-01-11',
        9629,
        972519300068
    ),
    (
        272304,
        1342030,
        '1997-11-02',
        8736,
        400420707799
    ),
    (
        734894,
        1770881,
        '1989-04-25',
        6179,
        719136738494
    ),
    (
        182304,
        1256450,
        '1976-10-19',
        6177,
        106915550824
    ),
    (
        285945,
        1373977,
        '1970-02-12',
        9635,
        972519300071
    ),
    (976981, 648966, '2001-04-24', 5281, 809136738499),
    (886984, 699935, '1989-05-27', 5278, 972519300069),
    (272305, 779401, '2016-02-28', 3846, 882519300070),
    (
        976982,
        1636660,
        '1980-08-25',
        7927,
        719136738493
    ),
    (528896, 920729, '1980-10-02', 8735, 608823061358),
    (
        618897,
        1578977,
        '1975-04-19',
        1423,
        310420707799
    ),
    (
        644894,
        1344412,
        '2008-10-04',
        9635,
        882519300071
    ),
    (886985, 817822, '1995-07-07', 7028, 608823061357),
    (
        528897,
        1370132,
        '1986-09-07',
        7927,
        310420707800
    ),
    (
        182305,
        1482356,
        '1999-01-09',
        7026,
        882519300072
    ),
    (375946, 869438, '1971-12-12', 1423, 809136738500),
    (272306, 839951, '1994-09-13', 9635, 400420707800),
    (734895, 639753, '1995-11-04', 7928, 972519300067),
    (618898, 647214, '1991-04-05', 7028, 400420707801),
    (
        644895,
        1171463,
        '1998-03-16',
        8736,
        809136738498
    ),
    (
        182306,
        1207234,
        '1993-07-17',
        3848,
        972519300066
    ),
    (976983, 971327, '1970-01-09', 9634, 719136738495),
    (
        272307,
        1392558,
        '1971-12-21',
        1423,
        518823061355
    ),
    (
        182307,
        1167502,
        '2019-02-14',
        7927,
        999999999999
    ),
    (528898, 684540, '1970-01-02', 8738, 106915550823),
    (
        285946,
        1732920,
        '1989-05-28',
        6181,
        400420707802
    ),
    (
        375947,
        1030648,
        '1970-01-05',
        2323,
        882519300068
    ),
    (285947, 880151, '1970-02-26', 8739, 809136738496),
    (
        886986,
        1752908,
        '1977-05-15',
        8735,
        809136738493
    ),
    (
        976984,
        1532518,
        '1996-03-11',
        5280,
        719136738496
    ),
    (
        272308,
        1318352,
        '1980-12-31',
        3846,
        608823061355
    ),
    (
        375948,
        1376680,
        '1994-12-14',
        8737,
        310420707802
    ),
    (
        182308,
        1537818,
        '2014-12-10',
        9634,
        809136738497
    ),
    (
        285948,
        1204105,
        '1987-08-09',
        6180,
        608823061356
    ),
    (734896, 952281, '1972-04-21', 8737, 719136738497);
INSERT INTO accountopened(`Account#`, CustID, BranchID, DateOfOpening)
VALUES (4087839401, 325369, 3845, '2000-10-05'),
    (5359109362, 916965, 8736, '2002-06-17'),
    (3187839401, 548904, 9633, '1983-01-15'),
    (6847493374, 415373, 7028, '1984-07-31'),
    (6259109359, 742813, 9999, '1983-08-16'),
    (1971451535, 916966, 8736, '1972-06-01'),
    (8707739666, 652815, 2946, '1989-07-05'),
    (4087839399, 548904, 8735, '1987-11-04'),
    (6259109360, 652812, 9636, '2006-05-20'),
    (5359109361, 826969, 7026, '1973-03-24'),
    (6259109363, 103985, 9630, '1970-01-07'),
    (7747493370, 325369, 1425, '2017-03-27'),
    (8707739667, 415371, 8733, '2016-11-05'),
    (4087839394, 999999, 2946, '2015-10-18'),
    (1071451536, 103982, 9636, '2013-11-18'),
    (3187839400, 652812, 8732, '1980-06-16'),
    (4087839397, 638903, 6176, '2019-05-05'),
    (5359109358, 193985, 2323, '1979-12-11'),
    (5359109357, 742815, 8737, '2009-02-22'),
    (3187839399, 742814, 8737, '2001-08-07'),
    (1971451536, 415370, 9630, '1980-01-31'),
    (3187839398, 103982, 9634, '2019-04-07'),
    (6259109357, 325371, 9632, '2018-03-02'),
    (3187839397, 652811, 8735, '1972-05-17'),
    (4087839396, 742812, 8739, '1970-01-07'),
    (5359109360, 193985, 9631, '1981-08-20'),
    (4087839398, 103984, 5279, '2012-11-06'),
    (4087839395, 742813, 6179, '1979-09-06'),
    (6259109358, 193985, 1425, '2018-01-22'),
    (7747493373, 325372, 8739, '1970-01-12'),
    (1071451535, 103981, 9631, '2022-01-26'),
    (9999999999, 638904, 6181, '2016-01-04'),
    (6259109361, 916964, 8734, '2015-08-02'),
    (6847493373, 548906, 8736, '2013-05-03'),
    (6847493372, 103982, 8734, '1992-07-30'),
    (9607739664, 325370, 8734, '1972-06-15'),
    (5359109359, 652810, 9630, '1988-03-20'),
    (3187839395, 193986, 3846, '2014-07-03'),
    (3187839394, 193983, 6180, '2006-12-24'),
    (6847493370, 193986, 9999, '2021-01-11'),
    (4087839400, 103981, 3846, '1971-10-07'),
    (6259109362, 652815, 7027, '1970-03-03'),
    (9607739662, 325369, 2945, '2020-11-20'),
    (9607739663, 548906, 5277, '2004-10-07'),
    (7747493371, 742811, 9630, '1989-12-30'),
    (8707739665, 652814, 8739, '2013-05-21'),
    (7747493374, 193985, 8733, '1978-10-11'),
    (6847493371, 325372, 5281, '1986-12-22'),
    (3187839396, 638906, 9629, '2018-03-09'),
    (7747493372, 742814, 7027, '2007-09-14');
INSERT INTO depositoryacc(
        `Account#`,
        InterestRate,
        minBalance,
        Type,
        `DebitCard#`
    )
VALUES (4087839400, 6, 2000, 'SAVINGS', 4979828859038152),
    (5359109360, 6, 2000, 'CURRENT', 2869121685495264),
    (3187839401, 3, 4000, 'CURRENT', 8008675422571380),
    (
        7747493371,
        10,
        4000,
        'SAVINGS',
        8008675422571379
    ),
    (6259109362, 5, 4000, 'CURRENT', 4979828859038153),
    (9607739662, 8, 2000, 'SAVINGS', 8635488776108342),
    (
        7747493374,
        6,
        10000,
        'SAVINGS',
        2321019838722532
    ),
    (8707739667, 3, 4000, 'CURRENT', 1421019838722533),
    (
        7747493373,
        10,
        2000,
        'SAVINGS',
        8635488776108343
    ),
    (
        6847493371,
        3,
        10000,
        'SAVINGS',
        1421019838722532
    ),
    (3187839396, 4, 5000, 'CURRENT', 7108675422571381),
    (1071451536, 8, 5000, 'CURRENT', 1421019838722534),
    (3187839400, 4, 2000, 'SAVINGS', 2321019838722534),
    (6259109361, 2, 8000, 'SAVINGS', 1421019838722529),
    (6847493373, 4, 5000, 'CURRENT', 5879828859038155),
    (
        4087839401,
        10,
        2000,
        'CURRENT',
        9535488776108335
    ),
    (5359109362, 3, 4000, 'SAVINGS', 2321019838722530),
    (6259109363, 9, 2000, 'SAVINGS', 5879828859038151),
    (6847493372, 6, 2000, 'SAVINGS', 2321019838722533),
    (7747493372, 6, 2000, 'CURRENT', 9535488776108336),
    (5359109359, 5, 2000, 'SAVINGS', 9535488776108340),
    (4087839397, 8, 2000, 'SAVINGS', 7108675422571379),
    (8707739665, 9, 2000, 'CURRENT', 8635488776108338),
    (6847493374, 8, 4000, 'CURRENT', 2869121685495262),
    (6259109359, 4, 4000, 'SAVINGS', 8635488776108341),
    (4087839399, 9, 2000, 'SAVINGS', 3769121685495263),
    (
        1971451535,
        10,
        4000,
        'SAVINGS',
        7108675422571380
    ),
    (5359109358, 2, 8000, 'SAVINGS', 5879828859038152),
    (8707739666, 6, 5000, 'SAVINGS', 7108675422571377),
    (7747493370, 7, 5000, 'CURRENT', 9535488776108339),
    (3187839397, 8, 8000, 'SAVINGS', 1421019838722531),
    (6259109360, 9, 2000, 'CURRENT', 9535488776108338),
    (4087839396, 9, 5000, 'SAVINGS', 4979828859038154),
    (3187839398, 1, 4000, 'SAVINGS', 1421019838722530),
    (
        4087839394,
        7,
        10000,
        'SAVINGS',
        8008675422571381
    ),
    (5359109357, 6, 5000, 'SAVINGS', 5879828859038153),
    (
        4087839398,
        5,
        10000,
        'SAVINGS',
        3769121685495264
    ),
    (
        6259109358,
        10,
        6000,
        'CURRENT',
        8008675422571378
    ),
    (5359109361, 8, 4000, 'SAVINGS', 8635488776108340),
    (
        9607739663,
        10,
        2000,
        'SAVINGS',
        5879828859038154
    ),
    (3187839399, 1, 4000, 'SAVINGS', 2869121685495263),
    (
        6259109357,
        10,
        6000,
        'SAVINGS',
        2869121685495261
    ),
    (1971451536, 4, 4000, 'CURRENT', 4979828859038150),
    (
        4087839395,
        10,
        2000,
        'SAVINGS',
        8635488776108339
    ),
    (1071451535, 3, 4000, 'CURRENT', 3769121685495262),
    (9607739664, 2, 6000, 'CURRENT', 9535488776108337),
    (9999999999, 7, 4000, 'SAVINGS', 4979828859038151),
    (3187839395, 2, 6000, 'CURRENT', 7108675422571378),
    (
        3187839394,
        3,
        10000,
        'CURRENT',
        2321019838722531
    ),
    (6847493370, 2, 5000, 'SAVINGS', 9999999999999999);
INSERT INTO fixeddeposits(
        DepositNo,
        TenureMonth,
        DateOfCreation,
        Amount,
        ROI,
        CustId
    )
VALUES (7011, 114, '1996-03-30', 426623, 15, 103981),
    (936, 155, '1971-11-23', 708209, 14, 638904),
    (6011, 117, '2013-09-10', 779671, 15, 415370),
    (1937, 148, '1995-07-02', 47604, 14, 548904),
    (8608, 173, '1990-04-23', 57040, 13, 742816),
    (2286, 134, '1970-08-02', 364891, 14, 742813),
    (5864, 51, '1970-01-14', 216604, 12, 916965),
    (937, 72, '1970-01-09', 257927, 15, 103985),
    (3287, 85, '1991-08-01', 684517, 14, 193984),
    (2287, 8, '2001-04-17', 607492, 14, 103983),
    (3288, 155, '1972-01-30', 616375, 14, 193983),
    (4864, 13, '1980-09-03', 519730, 13, 826969),
    (9607, 181, '2012-07-18', 605792, 12, 916966),
    (5865, 150, '2005-01-17', 769468, 14, 415372),
    (4865, 153, '1971-07-27', 937579, 10, 325372),
    (7012, 172, '1994-07-31', 160179, 15, 325372),
    (6012, 239, '1976-02-08', 145945, 15, 325372),
    (2288, 208, '2020-10-10', 323516, 15, 103984),
    (8609, 233, '2001-12-28', 241026, 14, 638906),
    (1938, 173, '1999-05-23', 524047, 11, 999999),
    (7013, 97, '1976-10-13', 719892, 11, 103982),
    (3289, 195, '1995-01-14', 158656, 11, 415372),
    (2289, 122, '1979-01-06', 279005, 11, 193986),
    (938, 92, '2008-05-22', 983909, 13, 548903),
    (9608, 26, '1976-09-20', 287040, 15, 325373),
    (5866, 146, '2009-07-10', 428078, 14, 325371),
    (8610, 228, '1981-12-07', 12745, 14, 916967),
    (3290, 165, '2020-04-22', 816992, 12, 742812),
    (4866, 119, '1977-06-27', 657747, 10, 826967),
    (6013, 136, '1980-02-28', 590688, 15, 103986),
    (9609, 58, '1971-03-12', 26750, 10, 916966),
    (7014, 198, '1972-07-16', 365731, 11, 742813),
    (6014, 168, '2006-03-05', 251585, 12, 548905),
    (7015, 8, '2002-09-07', 157579, 15, 652812),
    (6015, 231, '1972-06-03', 764024, 15, 742811),
    (8611, 96, '1996-12-01', 665223, 13, 325370),
    (9610, 43, '1987-01-22', 307366, 13, 638905),
    (2290, 126, '1980-05-22', 926585, 10, 193982),
    (7016, 38, '1985-06-22', 553967, 10, 652813),
    (6016, 37, '1971-01-08', 907258, 13, 548905),
    (1939, 179, '2006-09-25', 900632, 13, 548903),
    (5867, 47, '1979-07-22', 452304, 13, 103985),
    (8612, 126, '1974-10-02', 257222, 10, 415370),
    (9611, 169, '2004-12-17', 446645, 15, 916964),
    (4867, 162, '1970-02-07', 356971, 15, 916964),
    (3291, 54, '2002-08-02', 843299, 14, 638904),
    (7017, 43, '1970-02-17', 679516, 12, 916966),
    (6017, 50, '1974-04-26', 541122, 11, 652810),
    (939, 72, '1989-02-14', 163334, 11, 193985),
    (8613, 118, '1971-07-08', 987378, 13, 916965);
INSERT INTO loanacc(`Account#`, InterestRate, RepaymentDate)
VALUES (3187839401, 22, '2017-12-18'),
    (6259109360, 17, '2016-11-26'),
    (6259109363, 19, '2021-09-17'),
    (3187839398, 23, '2010-03-12'),
    (8707739667, 19, '2014-04-16'),
    (5359109360, 11, '2021-11-01'),
    (1071451536, 17, '2020-07-04'),
    (7747493373, 12, '2017-07-10'),
    (4087839398, 25, '2012-03-27'),
    (9607739662, 21, '2021-09-10'),
    (6259109361, 12, '2014-01-17'),
    (8707739665, 22, '2011-10-01'),
    (6259109358, 17, '2012-05-21'),
    (7747493370, 17, '2010-12-19'),
    (6847493373, 15, '2013-01-23'),
    (3187839400, 17, '2021-06-04'),
    (4087839394, 20, '2016-10-22'),
    (1971451536, 25, '2016-09-24'),
    (5359109357, 13, '2012-10-10'),
    (4087839401, 19, '2010-03-10'),
    (6259109357, 15, '2012-12-03'),
    (9607739663, 19, '2020-02-12'),
    (6847493372, 13, '2019-01-23'),
    (4087839395, 24, '2010-03-30'),
    (9999999999, 25, '2015-07-28'),
    (7747493371, 21, '2013-07-19'),
    (5359109359, 13, '2010-01-02'),
    (1071451535, 10, '2010-01-07'),
    (3187839395, 16, '2011-12-20'),
    (3187839394, 10, '2016-05-29'),
    (6847493371, 21, '2020-07-22'),
    (6259109359, 21, '2011-04-13'),
    (1971451535, 17, '2019-12-18'),
    (8707739666, 12, '2017-05-29'),
    (9607739664, 22, '2016-01-10'),
    (6847493370, 15, '2017-07-25'),
    (4087839400, 19, '2018-08-16'),
    (6259109362, 20, '2010-01-07'),
    (3187839396, 19, '2012-03-09'),
    (7747493374, 24, '2010-07-28'),
    (7747493372, 12, '2014-08-13'),
    (5359109362, 12, '2012-06-13'),
    (6847493374, 18, '2021-01-11'),
    (4087839399, 11, '2014-01-09'),
    (5359109361, 16, '2014-07-11'),
    (4087839397, 13, '2019-03-25'),
    (3187839399, 16, '2019-05-23'),
    (5359109358, 11, '2018-07-20'),
    (3187839397, 11, '2011-09-12'),
    (4087839396, 21, '2014-12-18');
INSERT INTO loanrequests(
        requestID,
        DateOfOpening,
        Amount,
        DurationMonths,
        Type,
        CustId,
        BranchId,
        `Acc#`
    )
VALUES (
        736737,
        '2000-06-16',
        5960828,
        17,
        'EDUCATION',
        638904,
        3848,
        6847493372
    ),
    (
        577194,
        '1970-01-02',
        4358000,
        133,
        'OTHER',
        652813,
        6176,
        4087839396
    ),
    (
        999999,
        '1978-12-13',
        8804327,
        212,
        'PERSONAL',
        742813,
        6179,
        4087839394
    ),
    (
        862554,
        '2014-06-07',
        6468334,
        35,
        'VEHICLE',
        415370,
        9631,
        4087839396
    ),
    (
        152596,
        '2012-08-16',
        6532695,
        131,
        'HOME',
        638903,
        3848,
        9607739662
    ),
    (
        242597,
        '1971-03-30',
        867825,
        85,
        'PERSONAL',
        916965,
        6178,
        1071451536
    ),
    (
        152597,
        '1985-05-09',
        3653581,
        91,
        'VEHICLE',
        193982,
        7926,
        3187839394
    ),
    (
        646737,
        '2011-02-14',
        9703241,
        36,
        'PERSONAL',
        652816,
        7026,
        6847493372
    ),
    (
        952552,
        '1988-05-11',
        7619403,
        88,
        'OTHER',
        548903,
        8736,
        8707739665
    ),
    (
        447505,
        '2000-02-03',
        5012847,
        57,
        'HOME',
        742813,
        9632,
        5359109357
    ),
    (
        736738,
        '1970-01-03',
        3908186,
        42,
        'OTHER',
        652810,
        2323,
        7747493370
    ),
    (
        242598,
        '1997-05-25',
        9449469,
        146,
        'EDUCATION',
        103983,
        8736,
        5359109357
    ),
    (
        487194,
        '1989-12-21',
        5213381,
        172,
        'HOME',
        652815,
        5279,
        4087839398
    ),
    (
        357505,
        '1993-10-19',
        2734933,
        206,
        'OTHER',
        193984,
        8733,
        6847493371
    ),
    (
        152598,
        '1997-08-16',
        9829337,
        27,
        'VEHICLE',
        742812,
        2945,
        9607739664
    ),
    (
        646738,
        '1978-10-05',
        5230950,
        134,
        'HOME',
        826968,
        5280,
        1071451535
    ),
    (
        242599,
        '1977-05-03',
        9634968,
        206,
        'OTHER',
        652811,
        8733,
        7747493373
    ),
    (
        152599,
        '1974-10-08',
        7282671,
        179,
        'OTHER',
        638907,
        3847,
        4087839398
    ),
    (
        447506,
        '1970-01-11',
        7813439,
        200,
        'EDUCATION',
        638903,
        8732,
        6259109360
    ),
    (
        242600,
        '1997-05-16',
        3767003,
        162,
        'VEHICLE',
        638903,
        6176,
        3187839394
    ),
    (
        577195,
        '2008-10-23',
        6083770,
        97,
        'HOME',
        193984,
        5278,
        6259109362
    ),
    (
        487195,
        '1970-01-06',
        202910,
        88,
        'VEHICLE',
        916964,
        2325,
        6259109357
    ),
    (
        577196,
        '1972-09-14',
        4750491,
        145,
        'HOME',
        193982,
        7028,
        9607739663
    ),
    (
        862555,
        '1995-02-08',
        8113331,
        45,
        'PERSONAL',
        415371,
        9635,
        7747493373
    ),
    (
        487196,
        '1971-12-06',
        1709726,
        227,
        'HOME',
        193986,
        1424,
        7747493372
    ),
    (
        357506,
        '2001-04-05',
        1608680,
        205,
        'OTHER',
        325372,
        7928,
        3187839401
    ),
    (
        736739,
        '1971-08-09',
        5193862,
        77,
        'PERSONAL',
        548904,
        9999,
        4087839394
    ),
    (
        447507,
        '2020-04-21',
        4222912,
        122,
        'PERSONAL',
        548903,
        7927,
        6259109358
    ),
    (
        952553,
        '1977-05-02',
        7182961,
        37,
        'HOME',
        193984,
        1423,
        6847493371
    ),
    (
        646739,
        '1998-03-10',
        8104264,
        180,
        'PERSONAL',
        193986,
        7027,
        4087839395
    ),
    (
        357507,
        '2014-02-22',
        1972705,
        80,
        'HOME',
        742811,
        2323,
        3187839401
    ),
    (
        736740,
        '1981-07-14',
        2029548,
        20,
        'VEHICLE',
        652813,
        7027,
        7747493372
    ),
    (
        862556,
        '2007-09-25',
        3395485,
        69,
        'OTHER',
        193982,
        5278,
        4087839396
    ),
    (
        952554,
        '1973-08-06',
        5652419,
        177,
        'PERSONAL',
        742816,
        5276,
        9607739663
    ),
    (
        862557,
        '1970-03-22',
        9940559,
        233,
        'HOME',
        103982,
        6179,
        6847493372
    ),
    (
        952555,
        '2002-01-06',
        995796,
        36,
        'OTHER',
        415370,
        1423,
        6847493370
    ),
    (
        152600,
        '1994-01-17',
        336819,
        154,
        'OTHER',
        638904,
        8739,
        9607739663
    ),
    (
        862558,
        '1970-01-06',
        4542901,
        17,
        'VEHICLE',
        548903,
        8735,
        6259109363
    ),
    (
        952556,
        '1970-01-10',
        3087022,
        177,
        'PERSONAL',
        826967,
        8733,
        4087839400
    ),
    (
        577197,
        '1994-11-09',
        2195347,
        143,
        'PERSONAL',
        652815,
        8733,
        3187839395
    ),
    (
        487197,
        '1972-03-20',
        7666454,
        31,
        'OTHER',
        916967,
        8736,
        7747493372
    ),
    (
        447508,
        '1992-09-27',
        630380,
        73,
        'EDUCATION',
        415371,
        6181,
        8707739666
    ),
    (
        646740,
        '1981-01-26',
        9105871,
        235,
        'OTHER',
        103982,
        5277,
        1071451536
    ),
    (
        577198,
        '1970-04-21',
        2709512,
        143,
        'OTHER',
        652815,
        8734,
        3187839400
    ),
    (
        487198,
        '1978-07-12',
        3667680,
        40,
        'PERSONAL',
        103986,
        8733,
        4087839400
    ),
    (
        357508,
        '1999-01-24',
        7551187,
        236,
        'OTHER',
        826967,
        7926,
        7747493372
    ),
    (
        862559,
        '1991-05-30',
        5169115,
        78,
        'PERSONAL',
        325373,
        9633,
        6259109359
    ),
    (
        242601,
        '2011-05-21',
        9077355,
        114,
        'OTHER',
        826969,
        8733,
        6847493373
    ),
    (
        736741,
        '1998-06-01',
        4318661,
        135,
        'PERSONAL',
        325373,
        3845,
        7747493374
    ),
    (
        952557,
        '2010-05-03',
        2206065,
        32,
        'EDUCATION',
        826967,
        7027,
        8707739666
    );
INSERT INTO manages(empID, branchID, DOJ)
VALUES (375948, 8739, '1971-10-26'),
    (734893, 7926, '1977-01-09'),
    (734894, 7928, '2013-04-22'),
    (734892, 9630, '1971-10-22'),
    (886985, 8736, '1996-09-14'),
    (734896, 2948, '2003-05-10'),
    (976984, 7028, '2013-04-25'),
    (182308, 5281, '2008-07-27'),
    (272308, 6181, '1996-09-17'),
    (272305, 8735, '2013-04-23'),
    (182303, 9631, '1982-02-07'),
    (182304, 8734, '1971-10-24'),
    (375947, 9636, '1982-02-10'),
    (285944, 6177, '2013-04-21'),
    (285945, 3846, '1987-04-28'),
    (285948, 3848, '1982-02-11'),
    (375945, 5277, '1971-10-23'),
    (976983, 1425, '1991-06-29'),
    (285947, 6180, '2003-05-09'),
    (976981, 2946, '2018-07-09'),
    (528897, 1424, '2013-04-24'),
    (272307, 8738, '1996-09-16'),
    (999999, 1422, '1987-04-27'),
    (644893, 7927, '2018-07-08'),
    (375943, 6176, '1987-04-26'),
    (886983, 7026, '2003-05-07'),
    (976982, 2323, '1977-01-11'),
    (182305, 3847, '1987-04-29'),
    (528896, 1423, '2018-07-10'),
    (886984, 9632, '2003-05-08'),
    (886986, 5280, '1987-05-01'),
    (644892, 5276, '2018-07-07'),
    (375946, 2947, '1982-02-09'),
    (182307, 5278, '1991-06-30'),
    (618897, 2324, '1982-02-08'),
    (272306, 9634, '1987-04-30'),
    (272304, 7027, '1977-01-10'),
    (375944, 2945, '2008-07-25'),
    (272303, 9999, '1982-02-05'),
    (618898, 9635, '1996-09-15'),
    (528898, 6179, '2018-07-11'),
    (644894, 9633, '1991-06-27'),
    (734895, 8737, '1991-06-28'),
    (618896, 3845, '1982-02-06'),
    (644895, 6178, '2008-07-26'),
    (285946, 5279, '1977-01-12'),
    (182306, 2325, '1971-10-25'),
    (285942, 9629, '2013-04-20'),
    (285943, 8733, '1996-09-13'),
    (976980, 8732, '2022-02-28');
INSERT INTO phonenumbers(PhoneNumber, AadharNo)
VALUES (9706823363, 809136738500),
    (9331201437, 400420707801),
    (8509602632, 882519300069),
    (7427131946, 999999999999),
    (7969107429, 608823061357),
    (8509602636, 518823061358),
    (8509602635, 719136738499),
    (7669107430, 196915550825),
    (8209602635, 882519300073),
    (8209602632, 809136738496),
    (8509602631, 310420707801),
    (9406823363, 809136738495),
    (7669107429, 719136738498),
    (9406823362, 719136738494),
    (9331201438, 972519300067),
    (9406823366, 972519300071),
    (8209602631, 972519300066),
    (8209602633, 106915550824),
    (8209602634, 809136738499),
    (7969107428, 719136738495),
    (9406823364, 719136738496),
    (7427131951, 972519300069),
    (7127131946, 882519300068),
    (9706823360, 518823061355),
    (9706823358, 809136738493),
    (9999999999, 809136738494),
    (7127131947, 310420707802),
    (7427131949, 809136738497),
    (7427131948, 608823061356),
    (9706823361, 106915550823),
    (7969107430, 608823061358),
    (9406823361, 196915550823),
    (7127131949, 719136738497),
    (8509602634, 882519300072),
    (7669107428, 518823061356),
    (8509602633, 972519300068),
    (9031201437, 400420707802),
    (7427131947, 608823061355),
    (8209602629, 400420707799),
    (7427131950, 809136738498),
    (7127131951, 518823061357),
    (7127131948, 882519300070),
    (9706823362, 882519300071),
    (9706823359, 719136738493),
    (7127131950, 196915550824),
    (9031201438, 972519300070),
    (9406823365, 400420707803),
    (8509602630, 310420707799),
    (9031201436, 310420707800),
    (8209602630, 400420707800);
INSERT INTO transactions(
        TransactionID,
        Amount,
        Status,
        Type,
        DateTime,
        CustID,
        `Account#`
    )
VALUES (
        3657669362,
        35621.34,
        'C',
        'DEBIT',
        '2007-08-24 21:22:57',
        638904,
        1071451536
    ),
    (
        9635848995,
        9140.59,
        'C',
        'DEBIT',
        '1970-01-01 00:01:04',
        415373,
        3187839401
    ),
    (
        9999999999,
        28498.55,
        'C',
        'DEBIT',
        '2003-07-26 01:25:30',
        548906,
        5359109357
    ),
    (
        4917768164,
        93570.56,
        'C',
        'DEBIT',
        '1976-03-15 02:46:07',
        415373,
        3187839397
    ),
    (
        6673909589,
        66249.91,
        'C',
        'CREDIT',
        '1997-11-27 09:06:57',
        742814,
        5359109360
    ),
    (
        8735848998,
        4904.72,
        'C',
        'CREDIT',
        '2011-08-22 06:04:12',
        638904,
        6259109360
    ),
    (
        5817768165,
        39335.96,
        'C',
        'DEBIT',
        '1970-01-01 00:37:23',
        916967,
        6259109357
    ),
    (
        4557669363,
        33498.04,
        'C',
        'DEBIT',
        '1977-07-15 05:21:05',
        826969,
        6259109357
    ),
    (
        4917768165,
        53909.42,
        'P',
        'CREDIT',
        '1970-01-01 00:09:06',
        193986,
        6259109357
    ),
    (
        3657669363,
        51531.69,
        'C',
        'CREDIT',
        '2017-10-18 13:46:07',
        916966,
        4087839396
    ),
    (
        4557669364,
        16918.58,
        'C',
        'DEBIT',
        '1985-04-26 22:21:24',
        325373,
        8707739666
    ),
    (
        3657669364,
        67171.51,
        'C',
        'CREDIT',
        '2001-05-10 23:56:33',
        638907,
        3187839399
    ),
    (
        7573909590,
        61390.15,
        'C',
        'CREDIT',
        '1970-01-01 00:01:03',
        193984,
        3187839396
    ),
    (
        6673909590,
        67224.38,
        'C',
        'DEBIT',
        '1999-11-13 15:54:05',
        193985,
        6259109358
    ),
    (
        9635848996,
        50022.05,
        'C',
        'CREDIT',
        '1988-04-17 07:13:52',
        325373,
        5359109357
    ),
    (
        5817768166,
        53826.69,
        'F',
        'DEBIT',
        '1970-01-01 00:00:02',
        325371,
        6847493372
    ),
    (
        4557669365,
        34274.51,
        'C',
        'DEBIT',
        '1996-06-21 17:32:29',
        826969,
        6847493372
    ),
    (
        4917768166,
        7070.89,
        'C',
        'CREDIT',
        '1993-10-17 07:55:13',
        415370,
        3187839398
    ),
    (
        3657669365,
        99014.98,
        'C',
        'DEBIT',
        '1970-01-01 01:21:22',
        193984,
        6847493372
    ),
    (
        8735848999,
        17316.76,
        'C',
        'CREDIT',
        '1970-01-01 01:53:56',
        548903,
        7747493370
    ),
    (
        4557669366,
        4334.68,
        'C',
        'CREDIT',
        '1970-01-01 00:00:10',
        415373,
        7747493371
    ),
    (
        1096764407,
        26797.3,
        'C',
        'DEBIT',
        '1970-01-01 00:00:06',
        916965,
        3187839399
    ),
    (
        1996764408,
        60265.39,
        'C',
        'DEBIT',
        '1998-03-08 17:09:42',
        916967,
        7747493372
    ),
    (
        7573909591,
        50078.75,
        'C',
        'DEBIT',
        '2004-07-30 05:31:31',
        826969,
        6847493373
    ),
    (
        9635848997,
        31449.93,
        'C',
        'DEBIT',
        '2001-04-10 15:00:43',
        916966,
        4087839401
    ),
    (
        3657669366,
        2968.13,
        'C',
        'DEBIT',
        '2006-01-27 12:00:51',
        638904,
        6259109363
    ),
    (
        5817768167,
        37142.51,
        'C',
        'CREDIT',
        '1990-09-20 12:24:02',
        415372,
        7747493373
    ),
    (
        4557669367,
        5620.29,
        'C',
        'CREDIT',
        '1970-01-01 00:01:05',
        548905,
        9607739663
    ),
    (
        8735849000,
        27581.6,
        'C',
        'DEBIT',
        '1992-01-08 00:15:40',
        652812,
        4087839399
    ),
    (
        3657669367,
        67326.48,
        'C',
        'DEBIT',
        '1986-01-08 02:18:28',
        916966,
        3187839399
    ),
    (
        1096764408,
        94348.98,
        'F',
        'CREDIT',
        '1977-12-30 08:23:00',
        652814,
        7747493372
    ),
    (
        4917768167,
        88954.51,
        'C',
        'CREDIT',
        '1998-02-18 00:51:47',
        652816,
        5359109360
    ),
    (
        6673909591,
        24174.75,
        'C',
        'DEBIT',
        '2000-08-24 04:40:12',
        548903,
        6259109359
    ),
    (
        1996764409,
        84305.33,
        'C',
        'DEBIT',
        '1995-09-20 16:53:36',
        325373,
        3187839398
    ),
    (
        7573909592,
        65706.77,
        'C',
        'CREDIT',
        '2004-08-22 11:52:40',
        193985,
        5359109361
    ),
    (
        6673909592,
        80615.59,
        'C',
        'CREDIT',
        '1971-09-04 00:42:18',
        742814,
        5359109359
    ),
    (
        4557669368,
        45059.24,
        'C',
        'CREDIT',
        '1997-10-30 23:25:19',
        415370,
        1971451536
    ),
    (
        7573909593,
        35863.95,
        'C',
        'DEBIT',
        '1997-04-06 23:58:27',
        548906,
        3187839399
    ),
    (
        1096764409,
        25411.47,
        'C',
        'DEBIT',
        '2011-06-21 04:41:28',
        325369,
        6259109357
    ),
    (
        6673909593,
        34789.1,
        'C',
        'DEBIT',
        '2005-03-04 16:26:50',
        415370,
        4087839398
    ),
    (
        7573909594,
        72071.63,
        'C',
        'DEBIT',
        '1970-01-01 00:01:27',
        103984,
        8707739667
    ),
    (
        6673909594,
        52166.68,
        'C',
        'DEBIT',
        '1970-01-01 00:08:19',
        652811,
        6259109360
    ),
    (
        1996764410,
        8448.86,
        'C',
        'DEBIT',
        '1970-01-01 00:06:20',
        548903,
        9999999999
    ),
    (
        7573909595,
        76382.21,
        'C',
        'CREDIT',
        '2010-03-01 15:01:45',
        193983,
        4087839396
    ),
    (
        1096764410,
        45193.82,
        'C',
        'CREDIT',
        '1973-10-14 20:39:16',
        742811,
        4087839395
    ),
    (
        3657669368,
        49384.77,
        'P',
        'DEBIT',
        '2013-10-26 01:06:55',
        103984,
        5359109360
    ),
    (
        4557669369,
        77822.65,
        'C',
        'DEBIT',
        '1970-01-01 00:01:01',
        415372,
        1971451536
    ),
    (
        5817768168,
        84787.58,
        'P',
        'DEBIT',
        '1970-01-01 00:16:35',
        742811,
        3187839399
    ),
    (
        1996764411,
        64060.18,
        'C',
        'CREDIT',
        '1970-11-04 13:29:27',
        325370,
        6847493372
    ),
    (
        6673909595,
        42614.33,
        'C',
        'DEBIT',
        '1996-04-22 23:50:12',
        916964,
        4087839395
    );