-- MySQL dump 10.13  Distrib 8.0.28, for Win64 (x86_64)
--
-- Host: localhost    Database: bankingsystem
-- ------------------------------------------------------
-- Server version	8.0.28

/*!40101 SET @OLD_CHARACTER_SET_CLIENT=@@CHARACTER_SET_CLIENT */;
/*!40101 SET @OLD_CHARACTER_SET_RESULTS=@@CHARACTER_SET_RESULTS */;
/*!40101 SET @OLD_COLLATION_CONNECTION=@@COLLATION_CONNECTION */;
/*!50503 SET NAMES utf8 */;
/*!40103 SET @OLD_TIME_ZONE=@@TIME_ZONE */;
/*!40103 SET TIME_ZONE='+00:00' */;
/*!40014 SET @OLD_UNIQUE_CHECKS=@@UNIQUE_CHECKS, UNIQUE_CHECKS=0 */;
/*!40014 SET @OLD_FOREIGN_KEY_CHECKS=@@FOREIGN_KEY_CHECKS, FOREIGN_KEY_CHECKS=0 */;
/*!40101 SET @OLD_SQL_MODE=@@SQL_MODE, SQL_MODE='NO_AUTO_VALUE_ON_ZERO' */;
/*!40111 SET @OLD_SQL_NOTES=@@SQL_NOTES, SQL_NOTES=0 */;

--
-- Table structure for table `account`
--

DROP TABLE IF EXISTS `account`;
/*!40101 SET @saved_cs_client     = @@character_set_client */;
/*!50503 SET character_set_client = utf8mb4 */;
CREATE TABLE `account` (
  `Account#` decimal(10,0) NOT NULL,
  `Balance` decimal(15,2) NOT NULL,
  PRIMARY KEY (`Account#`)
) ENGINE=InnoDB DEFAULT CHARSET=utf8mb4 COLLATE=utf8mb4_0900_ai_ci;
/*!40101 SET character_set_client = @saved_cs_client */;

--
-- Dumping data for table `account`
--

LOCK TABLES `account` WRITE;
/*!40000 ALTER TABLE `account` DISABLE KEYS */;
INSERT INTO `account` VALUES (1319955131,499999.99),(1319955132,2000.02),(1319955133,423203.00),(1319955134,400112.00),(1719955132,248185.00),(1719955133,194956.00),(1719955134,346198.00),(1829187992,121066.00),(1829187993,235768.00),(1829187994,389801.00),(1829187995,129361.00),(1829187996,369907.00),(1829187997,42256.00),(1829187998,21902.00),(2229187993,53690.00),(2229187994,154180.00),(2229187995,132645.00),(2229187996,407069.00),(2229187997,500000.00),(2229187998,375257.00),(2229187999,495235.00),(2747300832,2000.01),(2747300833,275905.00),(3147300832,330685.00),(3147300833,354049.00),(3147300834,255997.00),(3440200443,217541.00),(3440200444,499999.98),(3440200445,268976.00),(3440200446,53561.00),(3440200447,17815.00),(3440200448,272697.00),(3440200449,81767.00),(3440200450,322889.00),(3440200451,47607.00),(3840200443,112466.00),(3840200444,2300.00),(3840200445,195379.00),(3840200446,146814.00),(3840200447,277536.00),(3840200448,87548.00),(3840200449,367448.00),(3840200450,361672.00),(3840200451,27973.00),(3840200452,421009.00),(3940200452,-100000.00),(3940200652,-400000.00),(3940201621,-600000.00),(3940207656,-600000.00),(3940208000,-800000.00),(4455150638,2000.00),(4455150639,34833.00),(4855150636,96831.00),(4855150637,492314.00),(4855150638,260754.00);
/*!40000 ALTER TABLE `account` ENABLE KEYS */;
UNLOCK TABLES;

--
-- Table structure for table `accountopened`
--

DROP TABLE IF EXISTS `accountopened`;
/*!40101 SET @saved_cs_client     = @@character_set_client */;
/*!50503 SET character_set_client = utf8mb4 */;
CREATE TABLE `accountopened` (
  `CustID` decimal(6,0) NOT NULL,
  `BranchID` decimal(4,0) NOT NULL,
  `Account#` decimal(10,0) NOT NULL,
  `DateOfOpening` date NOT NULL,
  PRIMARY KEY (`Account#`),
  KEY `FK_Cust_idx` (`CustID`),
  KEY `FK_BrID_idx` (`BranchID`),
  CONSTRAINT `FK_ActNo` FOREIGN KEY (`Account#`) REFERENCES `account` (`Account#`) ON DELETE CASCADE,
  CONSTRAINT `FK_BrID` FOREIGN KEY (`BranchID`) REFERENCES `branch` (`branchID`),
  CONSTRAINT `FK_Cust` FOREIGN KEY (`CustID`) REFERENCES `customer` (`CustID`) ON DELETE CASCADE
) ENGINE=InnoDB DEFAULT CHARSET=utf8mb4 COLLATE=utf8mb4_0900_ai_ci;
/*!40101 SET character_set_client = @saved_cs_client */;

--
-- Dumping data for table `accountopened`
--

LOCK TABLES `accountopened` WRITE;
/*!40000 ALTER TABLE `accountopened` DISABLE KEYS */;
INSERT INTO `accountopened` VALUES (412991,3129,1319955131,'2010-07-08'),(647531,2176,1319955132,'2010-05-11'),(891788,5698,1319955133,'1995-07-23'),(206057,3129,1319955134,'2008-01-15'),(981785,4797,1719955132,'2020-10-25'),(412991,4796,1719955133,'1998-08-05'),(322991,5697,1719955134,'2019-06-10'),(621412,2176,1829187992,'2005-07-31'),(412992,2176,1829187993,'2004-07-27'),(891790,4796,1829187994,'1998-08-14'),(322992,5697,1829187995,'2005-03-18'),(531410,4797,1829187996,'2004-05-14'),(621413,4796,1829187997,'2002-12-26'),(981786,5698,1829187998,'2009-04-03'),(737532,5698,2229187993,'2020-03-06'),(981787,4797,2229187994,'2006-06-03'),(647531,4796,2229187995,'2018-06-30'),(981786,5698,2229187996,'2020-03-30'),(531412,4797,2229187997,'2001-11-19'),(412991,5697,2229187998,'1997-06-21'),(981785,4796,2229187999,'2008-10-12'),(621411,5698,2747300832,'2004-12-10'),(647531,4796,2747300833,'1996-10-23'),(531410,2176,3147300832,'2003-07-26'),(206057,3129,3147300833,'2013-04-10'),(981787,3129,3147300834,'1995-03-03'),(737532,5697,3440200443,'2006-03-05'),(116056,2176,3440200444,'2000-02-22'),(891790,4796,3440200445,'1995-01-07'),(647531,4796,3440200446,'1997-05-17'),(412993,2176,3440200447,'2000-07-14'),(322992,3129,3440200448,'1995-01-12'),(621411,3129,3440200449,'2006-07-03'),(412991,5697,3440200450,'2003-03-28'),(116056,2176,3440200451,'2018-10-25'),(322990,5697,3840200443,'2022-02-02'),(737532,3129,3840200444,'1995-08-04'),(621412,5697,3840200445,'2015-05-09'),(621413,5697,3840200446,'2006-10-17'),(412991,3129,3840200447,'2013-08-14'),(981786,3129,3840200448,'1996-03-22'),(412991,4797,3840200449,'2001-08-24'),(531413,3129,3840200450,'1996-02-23'),(981785,5697,3840200451,'1996-04-23'),(116056,5697,3840200452,'1995-01-07'),(981785,5697,3940200452,'1970-03-18'),(621412,5697,3940200652,'1978-01-19'),(322990,5697,3940201621,'1978-05-24'),(737532,4797,3940207656,'2000-03-14'),(981786,4797,3940208000,'2003-01-08'),(206058,5698,4455150638,'2005-06-25'),(891790,3129,4455150639,'2013-03-20'),(981787,4796,4855150636,'1995-02-11'),(647533,3129,4855150637,'2002-04-08'),(999999,4796,4855150638,'1997-06-15');
/*!40000 ALTER TABLE `accountopened` ENABLE KEYS */;
UNLOCK TABLES;

--
-- Table structure for table `branch`
--

DROP TABLE IF EXISTS `branch`;
/*!40101 SET @saved_cs_client     = @@character_set_client */;
/*!50503 SET character_set_client = utf8mb4 */;
CREATE TABLE `branch` (
  `branchID` decimal(4,0) NOT NULL,
  `Locality` varchar(45) NOT NULL,
  `City` varchar(45) NOT NULL,
  `State` varchar(45) NOT NULL,
  PRIMARY KEY (`branchID`)
) ENGINE=InnoDB DEFAULT CHARSET=utf8mb4 COLLATE=utf8mb4_0900_ai_ci;
/*!40101 SET character_set_client = @saved_cs_client */;

--
-- Dumping data for table `branch`
--

LOCK TABLES `branch` WRITE;
/*!40000 ALTER TABLE `branch` DISABLE KEYS */;
INSERT INTO `branch` VALUES (2176,'Avoch','Kolkata','Alabama'),(3129,'Clacton-on-Sea','Kolkata','New York'),(4796,'Larkhall','Chennai','Indiana'),(4797,'Larne','Chennai','Louisiana'),(5697,'Hendon','Hyderabad','Idaho'),(5698,'Henfield','Chennai','Louisiana');
/*!40000 ALTER TABLE `branch` ENABLE KEYS */;
UNLOCK TABLES;

--
-- Table structure for table `cards`
--

DROP TABLE IF EXISTS `cards`;
/*!40101 SET @saved_cs_client     = @@character_set_client */;
/*!50503 SET character_set_client = utf8mb4 */;
CREATE TABLE `cards` (
  `CardNo` decimal(16,0) NOT NULL,
  `Term_Yrs` int NOT NULL,
  `IssueDate` date NOT NULL,
  `CType` varchar(40) NOT NULL,
  `CSubType` varchar(40) NOT NULL,
  PRIMARY KEY (`CardNo`)
) ENGINE=InnoDB DEFAULT CHARSET=utf8mb4 COLLATE=utf8mb4_0900_ai_ci;
/*!40101 SET character_set_client = @saved_cs_client */;

--
-- Dumping data for table `cards`
--

LOCK TABLES `cards` WRITE;
/*!40000 ALTER TABLE `cards` DISABLE KEYS */;
INSERT INTO `cards` VALUES (1527301804120849,107,'2006-10-18','DEBIT','Diners Club'),(1527301804120850,71,'2006-12-26','DEBIT','American Express'),(1527301804120851,105,'2005-03-16','DEBIT','American Express'),(1527301804120852,69,'2005-02-23','DEBIT','Mastercard'),(1527301804120853,90,'2005-11-17','DEBIT','Mastercard'),(2427301804120849,109,'2013-09-18','DEBIT','American Express'),(2427301804120850,81,'2005-01-06','DEBIT','VISA'),(2427301804120851,65,'2021-11-14','DEBIT','Mastercard'),(2427301804120852,82,'2013-06-15','DEBIT','JCB'),(2427301804120853,71,'2006-01-18','DEBIT','American Express'),(2427301804120856,60,'2018-10-26','CREDIT','Mastercard'),(3061306820728274,97,'2019-09-12','DEBIT','VISA'),(3061306820728275,86,'2013-07-11','DEBIT','Discover'),(3061306820728276,116,'2005-02-14','DEBIT','Discover'),(3061306820728277,76,'2016-07-10','DEBIT','VISA'),(3961306820728275,75,'2008-05-16','DEBIT','American Express'),(3961306820728276,68,'2021-11-30','DEBIT','American Express'),(3961306820728277,82,'2010-09-19','DEBIT','Mastercard'),(3961306820728278,88,'2017-05-23','DEBIT','Diners Club'),(5204783058140330,88,'2006-07-21','DEBIT','China UnionPay'),(5204783058140331,80,'2005-01-31','DEBIT','American Express'),(5204783058140332,90,'2016-10-30','DEBIT','JCB'),(5204783058140333,67,'2008-04-13','DEBIT','Diners Club'),(5204783058140334,115,'2008-04-17','DEBIT','JCB'),(5204783058140335,63,'2020-06-15','DEBIT','Discover'),(6104783058140330,90,'2013-09-17','DEBIT','VISA'),(6104783058140331,67,'2007-07-04','DEBIT','Discover'),(6104783058140332,89,'2018-12-06','DEBIT','VISA'),(6104783058140333,117,'2019-11-18','DEBIT','American Express'),(6104783058140334,91,'2009-04-10','DEBIT','Discover'),(6104783058140335,61,'2010-03-27','DEBIT','China UnionPay'),(7173237311628611,109,'2010-06-10','DEBIT','China UnionPay'),(7173237311628612,60,'2005-01-14','DEBIT','Diners Club'),(7173237311628613,95,'2010-09-23','DEBIT','JCB'),(7173237311628614,120,'2009-11-28','DEBIT','China UnionPay'),(7173237311628615,82,'2014-05-23','DEBIT','Discover'),(7173237311628616,120,'2017-04-14','DEBIT','JCB'),(7173237311628617,72,'2012-10-20','CREDIT','JCB'),(7173237311628618,72,'2012-10-20','CREDIT','Diners Club'),(7173237311628620,72,'2012-08-17','CREDIT','VISA'),(7173237311628641,120,'2015-01-17','CREDIT','VISA'),(8073237311628612,65,'2013-08-15','DEBIT','Discover'),(8073237311628613,105,'2019-12-19','DEBIT','Diners Club'),(8073237311628614,110,'2018-07-27','DEBIT','American Express'),(8073237311628615,75,'2007-06-07','DEBIT','American Express'),(8073237311628616,72,'2005-09-01','DEBIT','American Express'),(9017774875588377,96,'2015-02-07','DEBIT','VISA'),(9017774875588378,60,'2012-02-07','DEBIT','Mastercard'),(9017774875588379,103,'2020-12-02','DEBIT','China UnionPay'),(9017774875588380,75,'2007-01-20','DEBIT','Mastercard'),(9917774875588374,77,'2008-08-24','DEBIT','Mastercard'),(9917774875588375,88,'2012-10-22','DEBIT','Discover'),(9917774875588376,65,'2013-01-13','DEBIT','VISA'),(9917774875588377,83,'2010-08-10','DEBIT','Discover'),(9999999999999999,103,'2005-06-19','DEBIT','VISA');
/*!40000 ALTER TABLE `cards` ENABLE KEYS */;
UNLOCK TABLES;

--
-- Table structure for table `creditcard`
--

DROP TABLE IF EXISTS `creditcard`;
/*!40101 SET @saved_cs_client     = @@character_set_client */;
/*!50503 SET character_set_client = utf8mb4 */;
CREATE TABLE `creditcard` (
  `CType` varchar(40) NOT NULL,
  `MonthlyInterest` float NOT NULL,
  `Eligibility_score` int NOT NULL,
  `Cash_Limit` float NOT NULL,
  `Joining_Fee` float NOT NULL,
  `Annual_Fee` float NOT NULL
) ENGINE=InnoDB DEFAULT CHARSET=utf8mb4 COLLATE=utf8mb4_0900_ai_ci;
/*!40101 SET character_set_client = @saved_cs_client */;

--
-- Dumping data for table `creditcard`
--

LOCK TABLES `creditcard` WRITE;
/*!40000 ALTER TABLE `creditcard` DISABLE KEYS */;
INSERT INTO `creditcard` VALUES ('VISA',9,621,25000,1000,500),('ChinaUnionPay',6,788,50000,1000,1250),('JCB',12,819,30000,1500,2000),('Mastercard',6,789,25000,500,2750),('Discover',8,755,25000,500,3500);
/*!40000 ALTER TABLE `creditcard` ENABLE KEYS */;
UNLOCK TABLES;

--
-- Table structure for table `creditcardrequests`
--

DROP TABLE IF EXISTS `creditcardrequests`;
/*!40101 SET @saved_cs_client     = @@character_set_client */;
/*!50503 SET character_set_client = utf8mb4 */;
CREATE TABLE `creditcardrequests` (
  `card#` decimal(16,0) NOT NULL,
  `CustId` decimal(6,0) NOT NULL,
  PRIMARY KEY (`card#`,`CustId`),
  KEY `FK_REQ_CUST_idx` (`CustId`),
  CONSTRAINT `FK_REQ_CARD#` FOREIGN KEY (`card#`) REFERENCES `cards` (`CardNo`),
  CONSTRAINT `FK_REQ_CUST` FOREIGN KEY (`CustId`) REFERENCES `customer` (`CustID`) ON DELETE CASCADE
) ENGINE=InnoDB DEFAULT CHARSET=utf8mb4 COLLATE=utf8mb4_0900_ai_ci;
/*!40101 SET character_set_client = @saved_cs_client */;

--
-- Dumping data for table `creditcardrequests`
--

LOCK TABLES `creditcardrequests` WRITE;
/*!40000 ALTER TABLE `creditcardrequests` DISABLE KEYS */;
INSERT INTO `creditcardrequests` VALUES (7173237311628641,116057),(7173237311628620,206058),(7173237311628618,737532),(2427301804120856,891788),(7173237311628617,981787);
/*!40000 ALTER TABLE `creditcardrequests` ENABLE KEYS */;
UNLOCK TABLES;

--
-- Table structure for table `customer`
--

DROP TABLE IF EXISTS `customer`;
/*!40101 SET @saved_cs_client     = @@character_set_client */;
/*!50503 SET character_set_client = utf8mb4 */;
CREATE TABLE `customer` (
  `CustID` decimal(6,0) NOT NULL,
  `Password` varchar(45) NOT NULL,
  `Income` float NOT NULL,
  `Credit Score` float NOT NULL,
  `AadharNo` decimal(12,0) unsigned NOT NULL,
  PRIMARY KEY (`CustID`),
  KEY `FK_Aadhar_Cust` (`AadharNo`),
  CONSTRAINT `FK_Aadhar_Cust` FOREIGN KEY (`AadharNo`) REFERENCES `person` (`AadharNo`) ON DELETE CASCADE,
  CONSTRAINT `customer_chk_1` CHECK ((length(`CustID`) = 6))
) ENGINE=InnoDB DEFAULT CHARSET=utf8mb4 COLLATE=utf8mb4_0900_ai_ci;
/*!40101 SET character_set_client = @saved_cs_client */;

--
-- Dumping data for table `customer`
--

LOCK TABLES `customer` WRITE;
/*!40000 ALTER TABLE `customer` DISABLE KEYS */;
INSERT INTO `customer` VALUES (116056,'g0&m4!',151744,480,735878973782),(116057,'n3&x3!',422573,772,735878973777),(206056,'c2&l8!w2!',472588,620,984091672368),(206057,'l2!k1&i7!',272584,484,502828401733),(206058,'x8!c8!k5!',701201,848,502828401733),(322990,'k9&s7!e5&',391103,561,404715091967),(322991,'a3&j9&t8&',794653,361,735878973781),(322992,'k5&k2&g3!',338861,346,735878973779),(412991,'i2!i5!z9&',107923,521,984091672370),(412992,'n0&b4&k4&',330703,788,404715091966),(412993,'c5&w3!x4!',238130,466,212142880210),(531410,'o0!y2!f1&',798463,568,645878973782),(531411,'r3&q6&',676902,890,645878973782),(531412,'u1!s7!p1!',738751,773,212142880212),(531413,'i8!y0&',550031,467,404715091972),(621411,'i0&j7&',710778,542,314715091966),(621412,'p1!m3&p3&',718416,424,592828401736),(621413,'m8!j0&h8!',659365,648,404715091966),(647531,'c4&s6&u5!',480411,490,984091672368),(647532,'y3!z9&f2!',714777,488,735878973777),(647533,'u0!h5&i2!',241722,641,404715091969),(737532,'u2&v4!x2&',186302,456,645878973780),(737533,'e5&w0!',697013,731,735878973778),(891788,'p5&j0&k7!',285296,496,212142880210),(891789,'y7&p9!c7!',278411,867,735878973782),(891790,'p9&n9!r2&',490117,866,314715091971),(981785,'o4!h7&',98437,451,502828401733),(981786,'y5&l6!g4&',174223,654,592828401735),(981787,'v7&s8!q2!',736668,577,212142880212),(999999,'w3!z9&z6!',387476,853,984091672370);
/*!40000 ALTER TABLE `customer` ENABLE KEYS */;
UNLOCK TABLES;

--
-- Table structure for table `debitcard`
--

DROP TABLE IF EXISTS `debitcard`;
/*!40101 SET @saved_cs_client     = @@character_set_client */;
/*!50503 SET character_set_client = utf8mb4 */;
CREATE TABLE `debitcard` (
  `CType` varchar(40) NOT NULL,
  `CashBack_percent` int NOT NULL,
  `Points` int NOT NULL,
  `Withdrawal_Limit` float NOT NULL,
  `Renewal_Fee` float NOT NULL
) ENGINE=InnoDB DEFAULT CHARSET=utf8mb4 COLLATE=utf8mb4_0900_ai_ci;
/*!40101 SET character_set_client = @saved_cs_client */;

--
-- Dumping data for table `debitcard`
--

LOCK TABLES `debitcard` WRITE;
/*!40000 ALTER TABLE `debitcard` DISABLE KEYS */;
INSERT INTO `debitcard` VALUES ('VISA',7,100,800000,1000),('ChinaUnionPay',8,200,1500000,1000),('JCB',5,500,1000000,500),('Mastercard',5,400,300000,1500),('Discover',5,300,500000,1000);
/*!40000 ALTER TABLE `debitcard` ENABLE KEYS */;
UNLOCK TABLES;

--
-- Table structure for table `depositoryacc`
--

DROP TABLE IF EXISTS `depositoryacc`;
/*!40101 SET @saved_cs_client     = @@character_set_client */;
/*!50503 SET character_set_client = utf8mb4 */;
CREATE TABLE `depositoryacc` (
  `Account#` decimal(10,0) NOT NULL,
  `InterestRate` decimal(2,0) DEFAULT NULL,
  `minBalance` decimal(15,0) DEFAULT NULL,
  `Type` varchar(45) NOT NULL,
  `DebitCard#` decimal(16,0) NOT NULL,
  PRIMARY KEY (`Account#`),
  UNIQUE KEY `DebitCard#_UNIQUE` (`DebitCard#`),
  CONSTRAINT `FK_Act_Dep` FOREIGN KEY (`Account#`) REFERENCES `account` (`Account#`) ON DELETE CASCADE,
  CONSTRAINT `FK_DCARD_CARDS` FOREIGN KEY (`DebitCard#`) REFERENCES `cards` (`CardNo`),
  CONSTRAINT `depositoryacc_chk_1` CHECK ((`Type` in (_utf8mb4'SAVINGS',_utf8mb4'CURRENT')))
) ENGINE=InnoDB DEFAULT CHARSET=utf8mb4 COLLATE=utf8mb4_0900_ai_ci;
/*!40101 SET character_set_client = @saved_cs_client */;

--
-- Dumping data for table `depositoryacc`
--

LOCK TABLES `depositoryacc` WRITE;
/*!40000 ALTER TABLE `depositoryacc` DISABLE KEYS */;
INSERT INTO `depositoryacc` VALUES (1319955131,5,NULL,'SAVINGS',9917774875588377),(1319955132,4,NULL,'CURRENT',1527301804120851),(1319955133,2,10000,'SAVINGS',1527301804120852),(1319955134,2,10000,'SAVINGS',2427301804120850),(1719955132,3,NULL,'CURRENT',3061306820728275),(1719955133,5,10000,'SAVINGS',7173237311628615),(1719955134,5,5000,'CURRENT',3961306820728278),(1829187992,4,NULL,'SAVINGS',3061306820728277),(1829187993,2,NULL,'CURRENT',6104783058140331),(1829187994,3,5000,'SAVINGS',5204783058140333),(1829187995,NULL,5000,'SAVINGS',7173237311628612),(1829187996,2,5000,'SAVINGS',3961306820728275),(1829187997,4,10000,'SAVINGS',2427301804120852),(1829187998,NULL,5000,'SAVINGS',6104783058140335),(2229187993,4,5000,'CURRENT',1527301804120853),(2229187994,3,5000,'CURRENT',9017774875588380),(2229187995,5,5000,'SAVINGS',9017774875588379),(2229187996,5,5000,'CURRENT',5204783058140331),(2229187997,3,5000,'CURRENT',1527301804120849),(2229187998,4,5000,'SAVINGS',3061306820728274),(2229187999,5,5000,'SAVINGS',9017774875588378),(2747300832,3,10000,'CURRENT',6104783058140334),(2747300833,NULL,10000,'SAVINGS',6104783058140333),(3147300832,3,10000,'SAVINGS',7173237311628616),(3147300833,4,5000,'SAVINGS',5204783058140330),(3147300834,3,NULL,'CURRENT',8073237311628612),(3440200443,3,5000,'SAVINGS',2427301804120851),(3440200444,5,5000,'CURRENT',9917774875588375),(3440200445,5,15000,'CURRENT',7173237311628614),(3440200446,NULL,5000,'SAVINGS',6104783058140332),(3440200447,4,10000,'SAVINGS',5204783058140335),(3440200448,2,5000,'CURRENT',5204783058140334),(3440200449,NULL,5000,'SAVINGS',8073237311628615),(3440200450,4,NULL,'CURRENT',8073237311628614),(3440200451,5,15000,'SAVINGS',3061306820728276),(3840200443,2,5000,'SAVINGS',9917774875588376),(3840200444,2,10000,'CURRENT',8073237311628616),(3840200445,3,15000,'CURRENT',5204783058140332),(3840200446,5,15000,'CURRENT',2427301804120853),(3840200447,2,5000,'CURRENT',1527301804120850),(3840200448,2,5000,'SAVINGS',2427301804120849),(3840200449,5,5000,'SAVINGS',7173237311628613),(3840200450,3,10000,'CURRENT',8073237311628613),(3840200451,5,10000,'SAVINGS',3961306820728276),(3840200452,3,NULL,'SAVINGS',7173237311628611),(4455150638,4,5000,'SAVINGS',6104783058140330),(4455150639,4,15000,'SAVINGS',9917774875588374),(4855150636,4,5000,'SAVINGS',3961306820728277),(4855150637,3,10000,'CURRENT',9017774875588377),(4855150638,2,5000,'SAVINGS',9999999999999999);
/*!40000 ALTER TABLE `depositoryacc` ENABLE KEYS */;
UNLOCK TABLES;

--
-- Table structure for table `employee`
--

DROP TABLE IF EXISTS `employee`;
/*!40101 SET @saved_cs_client     = @@character_set_client */;
/*!50503 SET character_set_client = utf8mb4 */;
CREATE TABLE `employee` (
  `empID` decimal(6,0) NOT NULL,
  `Salary` float unsigned NOT NULL,
  `AadharNo` decimal(12,0) unsigned NOT NULL,
  PRIMARY KEY (`empID`),
  UNIQUE KEY `AadharNo_UNIQUE` (`AadharNo`),
  CONSTRAINT `FK_EMP_AADHAR` FOREIGN KEY (`AadharNo`) REFERENCES `person` (`AadharNo`) ON DELETE CASCADE
) ENGINE=InnoDB DEFAULT CHARSET=utf8mb4 COLLATE=utf8mb4_0900_ai_ci;
/*!40101 SET character_set_client = @saved_cs_client */;

--
-- Dumping data for table `employee`
--

LOCK TABLES `employee` WRITE;
/*!40000 ALTER TABLE `employee` DISABLE KEYS */;
INSERT INTO `employee` VALUES (108311,150000,984091672368),(108312,50000,502828401736),(198311,50000,645878973781),(198312,200000,404715091972),(198313,100000,212142880212),(345197,200000,645878973779),(345198,50000,404715091970),(345199,50000,592828401737),(435198,200000,502828401735),(435199,200000,122142880212),(435200,50000,314715091971),(508830,50000,404715091969),(508831,50000,592828401734),(598830,100000,645878973777),(598831,150000,735878973782),(693345,150000,735878973781),(693346,50000,735878973780),(693347,100000,212142880213),(693348,150000,645878973782),(783346,150000,735878973783),(783347,150000,404715091966),(783348,50000,645878973780),(834817,100000,592828401736),(924814,50000,735878973778),(999999,100000,314715091967);
/*!40000 ALTER TABLE `employee` ENABLE KEYS */;
UNLOCK TABLES;

--
-- Table structure for table `employeeworks`
--

DROP TABLE IF EXISTS `employeeworks`;
/*!40101 SET @saved_cs_client     = @@character_set_client */;
/*!50503 SET character_set_client = utf8mb4 */;
CREATE TABLE `employeeworks` (
  `empID` decimal(6,0) NOT NULL,
  `branchID` decimal(4,0) NOT NULL,
  `DOJ` date NOT NULL,
  PRIMARY KEY (`empID`,`branchID`,`DOJ`),
  KEY `FK_working_branch_idx` (`branchID`),
  CONSTRAINT `FJ_working_employee` FOREIGN KEY (`empID`) REFERENCES `employee` (`empID`) ON DELETE CASCADE,
  CONSTRAINT `FK_working_branch` FOREIGN KEY (`branchID`) REFERENCES `branch` (`branchID`)
) ENGINE=InnoDB DEFAULT CHARSET=utf8mb4 COLLATE=utf8mb4_0900_ai_ci;
/*!40101 SET character_set_client = @saved_cs_client */;

--
-- Dumping data for table `employeeworks`
--

LOCK TABLES `employeeworks` WRITE;
/*!40000 ALTER TABLE `employeeworks` DISABLE KEYS */;
INSERT INTO `employeeworks` VALUES (108311,2176,'1999-12-22'),(198312,2176,'1999-12-22'),(345198,2176,'1999-12-22'),(345199,2176,'1999-12-22'),(435198,2176,'1999-12-22'),(435199,2176,'1999-12-22'),(598830,2176,'1999-12-22'),(783346,2176,'1999-12-22'),(198311,3129,'1998-12-27'),(345198,3129,'1998-12-27'),(345199,3129,'1998-12-27'),(435198,3129,'1998-12-27'),(435199,3129,'1998-12-27'),(598830,3129,'1998-12-27'),(783346,3129,'1998-12-27'),(999999,3129,'1998-12-27'),(198311,4796,'1998-01-01'),(345197,4796,'1998-01-01'),(345198,4796,'1998-01-01'),(435198,4796,'1998-01-01'),(435199,4796,'1998-01-01'),(598830,4796,'1998-01-01'),(693345,4796,'1998-01-01'),(783346,4796,'1998-01-01'),(999999,4796,'1998-01-01'),(108311,4797,'1999-06-25'),(198311,4797,'1999-06-25'),(345198,4797,'1999-06-25'),(345199,4797,'1999-06-25'),(435198,4797,'1999-06-25'),(435199,4797,'1999-06-25'),(598830,4797,'1999-06-25'),(783346,4797,'1999-06-25'),(198311,5697,'1998-06-30'),(345197,5697,'1998-06-30'),(345198,5697,'1998-06-30'),(345199,5697,'1998-06-30'),(435198,5697,'1998-06-30'),(435199,5697,'1998-06-30'),(598830,5697,'1998-06-30'),(783346,5697,'1998-06-30'),(999999,5697,'1998-06-30'),(108311,5698,'2000-06-19'),(198312,5698,'2000-06-19'),(345198,5698,'2000-06-19'),(345199,5698,'2000-06-19'),(435198,5698,'2000-06-19'),(435199,5698,'2000-06-19'),(598830,5698,'2000-06-19'),(693346,5698,'2000-06-19');
/*!40000 ALTER TABLE `employeeworks` ENABLE KEYS */;
UNLOCK TABLES;

--
-- Table structure for table `fixeddeposits`
--

DROP TABLE IF EXISTS `fixeddeposits`;
/*!40101 SET @saved_cs_client     = @@character_set_client */;
/*!50503 SET character_set_client = utf8mb4 */;
CREATE TABLE `fixeddeposits` (
  `DepositNo` int NOT NULL,
  `TenureMonth` int NOT NULL,
  `DateOfCreation` date NOT NULL,
  `Amount` float NOT NULL,
  `ROI` float NOT NULL,
  `CustId` decimal(6,0) NOT NULL,
  PRIMARY KEY (`DepositNo`),
  UNIQUE KEY `DepositNo_UNIQUE` (`DepositNo`),
  KEY `FK_OPENS_FD_idx` (`CustId`),
  CONSTRAINT `FK_OPENS_FD` FOREIGN KEY (`CustId`) REFERENCES `customer` (`CustID`) ON DELETE CASCADE
) ENGINE=InnoDB DEFAULT CHARSET=utf8mb4 COLLATE=utf8mb4_0900_ai_ci;
/*!40101 SET character_set_client = @saved_cs_client */;

--
-- Dumping data for table `fixeddeposits`
--

LOCK TABLES `fixeddeposits` WRITE;
/*!40000 ALTER TABLE `fixeddeposits` DISABLE KEYS */;
INSERT INTO `fixeddeposits` VALUES (152596,47,'2019-07-23',632695,4,647531),(152597,104,'2020-11-03',553581,6,531412),(242597,85,'2015-03-27',267825,7,981785),(447505,45,'2016-11-23',62847,5,412993),(577194,30,'2015-01-02',458000,7,531410),(646737,109,'2015-10-19',303241,5,647533),(736737,81,'2020-06-17',510828,7,531412),(862554,51,'2016-07-12',968334,6,412991),(952552,82,'2015-01-04',719403,5,531413),(977661,24,'2020-11-10',50000,5,116057),(999999,48,'2021-12-19',254327,7,981787);
/*!40000 ALTER TABLE `fixeddeposits` ENABLE KEYS */;
UNLOCK TABLES;

--
-- Table structure for table `loanacc`
--

DROP TABLE IF EXISTS `loanacc`;
/*!40101 SET @saved_cs_client     = @@character_set_client */;
/*!50503 SET character_set_client = utf8mb4 */;
CREATE TABLE `loanacc` (
  `InterestRate` float NOT NULL,
  `RepaymentDate` date NOT NULL,
  `Account#` decimal(10,0) NOT NULL,
  PRIMARY KEY (`Account#`),
  CONSTRAINT `FK_ACCNO` FOREIGN KEY (`Account#`) REFERENCES `account` (`Account#`) ON DELETE CASCADE
) ENGINE=InnoDB DEFAULT CHARSET=utf8mb4 COLLATE=utf8mb4_0900_ai_ci;
/*!40101 SET character_set_client = @saved_cs_client */;

--
-- Dumping data for table `loanacc`
--

LOCK TABLES `loanacc` WRITE;
/*!40000 ALTER TABLE `loanacc` DISABLE KEYS */;
INSERT INTO `loanacc` VALUES (8,'1970-03-18',3940200452),(10,'1978-01-19',3940200652),(12,'1978-05-24',3940201621),(5,'2000-03-14',3940207656),(5,'2008-01-08',3940208000);
/*!40000 ALTER TABLE `loanacc` ENABLE KEYS */;
UNLOCK TABLES;

--
-- Table structure for table `loanrequests`
--

DROP TABLE IF EXISTS `loanrequests`;
/*!40101 SET @saved_cs_client     = @@character_set_client */;
/*!50503 SET character_set_client = utf8mb4 */;
CREATE TABLE `loanrequests` (
  `requestID` decimal(6,0) NOT NULL,
  `DateOfOpening` date NOT NULL,
  `Amount` float NOT NULL,
  `DurationMonths` int NOT NULL,
  `Type` varchar(45) DEFAULT NULL,
  `CustId` decimal(6,0) NOT NULL,
  `BranchId` decimal(4,0) NOT NULL,
  `Acc#` decimal(10,0) DEFAULT NULL,
  PRIMARY KEY (`requestID`),
  KEY `FK_Acc#_Loan_idx` (`Acc#`),
  KEY `FK_BrId_Loan_idx` (`BranchId`),
  KEY `FK_Cust_Loan_idx` (`CustId`),
  CONSTRAINT `FK_Acc#_Loan` FOREIGN KEY (`Acc#`) REFERENCES `account` (`Account#`) ON DELETE CASCADE,
  CONSTRAINT `FK_BrId_Loan` FOREIGN KEY (`BranchId`) REFERENCES `branch` (`branchID`),
  CONSTRAINT `FK_Cust_Loan` FOREIGN KEY (`CustId`) REFERENCES `customer` (`CustID`) ON DELETE CASCADE,
  CONSTRAINT `loanrequests_chk_1` CHECK ((`Type` in (_utf8mb4'PERSONAL',_utf8mb4'HOME',_utf8mb4'EDUCATION',_utf8mb4'VEHICLE',_utf8mb4'BUSINESS',_utf8mb4'OTHER')))
) ENGINE=InnoDB DEFAULT CHARSET=utf8mb4 COLLATE=utf8mb4_0900_ai_ci;
/*!40101 SET character_set_client = @saved_cs_client */;

--
-- Dumping data for table `loanrequests`
--

LOCK TABLES `loanrequests` WRITE;
/*!40000 ALTER TABLE `loanrequests` DISABLE KEYS */;
INSERT INTO `loanrequests` VALUES (137628,'1970-03-18',-100000,96,'HOME',981785,5697,3940200452),(580157,'1978-01-19',-400000,60,'PERSONAL',621412,5697,3940200652),(720876,'1978-05-24',-600000,144,'PERSONAL',322990,5697,3940201621),(810876,'2000-03-14',-600000,72,'HOME',737532,4797,3940207656),(999999,'2003-01-08',-800000,120,'OTHER',981786,4797,3940208000);
/*!40000 ALTER TABLE `loanrequests` ENABLE KEYS */;
UNLOCK TABLES;

--
-- Table structure for table `manages`
--

DROP TABLE IF EXISTS `manages`;
/*!40101 SET @saved_cs_client     = @@character_set_client */;
/*!50503 SET character_set_client = utf8mb4 */;
CREATE TABLE `manages` (
  `empID` decimal(6,0) NOT NULL,
  `branchID` decimal(4,0) NOT NULL,
  `DOJ` date NOT NULL,
  PRIMARY KEY (`empID`,`branchID`,`DOJ`),
  KEY `FK_BrID_Manages_idx` (`branchID`),
  CONSTRAINT `FK_BrID_Manages` FOREIGN KEY (`branchID`) REFERENCES `branch` (`branchID`),
  CONSTRAINT `FK_emp_manages` FOREIGN KEY (`empID`) REFERENCES `employee` (`empID`) ON DELETE CASCADE
) ENGINE=InnoDB DEFAULT CHARSET=utf8mb4 COLLATE=utf8mb4_0900_ai_ci;
/*!40101 SET character_set_client = @saved_cs_client */;

--
-- Dumping data for table `manages`
--

LOCK TABLES `manages` WRITE;
/*!40000 ALTER TABLE `manages` DISABLE KEYS */;
INSERT INTO `manages` VALUES (435198,2176,'2014-02-21'),(783346,2176,'2014-02-21'),(198311,3129,'2011-05-01'),(999999,3129,'2011-05-01'),(345197,4796,'2009-02-09'),(693345,4796,'2009-02-09'),(198311,4797,'2016-05-11'),(783346,4797,'2016-05-11'),(345197,5697,'2014-02-20'),(999999,5697,'2014-02-20'),(345198,5698,'2016-05-12'),(435198,5698,'2016-05-12');
/*!40000 ALTER TABLE `manages` ENABLE KEYS */;
UNLOCK TABLES;

--
-- Table structure for table `person`
--

DROP TABLE IF EXISTS `person`;
/*!40101 SET @saved_cs_client     = @@character_set_client */;
/*!50503 SET character_set_client = utf8mb4 */;
CREATE TABLE `person` (
  `AadharNo` decimal(12,0) unsigned NOT NULL,
  `FirstName` varchar(45) NOT NULL,
  `LastName` varchar(45) DEFAULT NULL,
  `DOB` date NOT NULL,
  `Gender` varchar(1) NOT NULL,
  `HouseNo` varchar(45) DEFAULT NULL,
  `Locality` varchar(45) DEFAULT NULL,
  `City` varchar(45) NOT NULL,
  `State` varchar(45) NOT NULL,
  PRIMARY KEY (`AadharNo`),
  CONSTRAINT `person_chk_1` CHECK ((`Gender` in (_utf8mb4'M',_utf8mb4'F',_utf8mb4'O')))
) ENGINE=InnoDB DEFAULT CHARSET=utf8mb4 COLLATE=utf8mb4_0900_ai_ci;
/*!40101 SET character_set_client = @saved_cs_client */;

--
-- Dumping data for table `person`
--

LOCK TABLES `person` WRITE;
/*!40000 ALTER TABLE `person` DISABLE KEYS */;
INSERT INTO `person` VALUES (122142880209,'Marvin','Curtis','1997-04-11','F','FYT51','Crewkerne','Ahmedabad','New Mexico'),(122142880210,'Elliott','Freedman','1952-12-04','M','UQO80','Lowestoft','Mumbai','New Jersey'),(122142880211,'Agustin','Baron','1987-10-08','F','BJU93','Bishop\'s Stortford','Chennai','Missouri'),(122142880212,'Denae','Barr','1962-06-21','F','TVE53','Whetstone','Chennai','Tennessee'),(212142880210,'Nellie','Sorensen','1967-12-07','M','ZZC92','Forest Row','Delhi','Kansas'),(212142880211,'Ben','Martindale','1952-01-10','F','LHU08','Weybridge','Chennai','New Mexico'),(212142880212,'Colette','Barone','1970-05-08','M','XCB94','Port Glasgow','Delhi','Illinois'),(212142880213,'Maida','Cutler','1952-03-05','M','LHR68','Criccieth','Mumbai','Utah'),(314715091966,'Casey','Martens','1988-01-19','F','YDS37','Surbiton','Bangalore','Washington'),(314715091967,'Racheal','Song','1982-09-14','F','TCN03','Islington','Chennai','Washington'),(314715091968,'Trena','Weeks','1958-08-19','M','FQO21','Weston-super-Mare','Delhi','Maine'),(314715091969,'Concha',NULL,'1938-02-20','M',NULL,'Forest Hill','Mumbai','California'),(314715091970,'Ignacia','Weems','1976-05-30','F','HCV79','Sutton','Bangalore','Wisconsin'),(314715091971,'Vance','Kay','2001-01-19','F','WCX97','Middlewich','Bangalore','California'),(314715091972,'Misty','Carder','1932-01-02','M','JEM71','Swadlincote','Mumbai','Wyoming'),(404715091966,'Reinaldo','Barnette','1958-04-04','M','JOB55','Poplar','Delhi','New York'),(404715091967,'Maxwell','Weddle','1936-05-02','M','OMH21','Louth','Mumbai','Minnesota'),(404715091968,'Brendon','Curry','1958-02-20','M','TIT70','Birmingham','Bangalore','Mississippi'),(404715091969,'Lyman','Free','2001-12-19','F','RSC80','Crewe','Bangalore','Arizona'),(404715091970,'Jamey','Kaufman','1933-06-29','M','BUV40','Crianlarich','Mumbai','Colorado'),(404715091971,'Sheba','Raynor','1970-09-18','F','IEA99','Iver','Chennai','Connecticut'),(404715091972,'Felipe','Kaye','1995-02-01','O','BCS54','Midhurst','Kolkata','Utah'),(502828401733,'Clotilde','Caraballo','1952-03-04','M','PTR23','Westminster','Delhi','Maine'),(502828401734,'Carrol','Kauffman','2004-10-30','F','OIN68','Port Dinorwic','Kolkata','Washington'),(502828401735,'Callie','Raymond','1999-08-06','F','CII74','Lower Edmonton','Chennai','North Carolina'),(502828401736,'Brett','Sorenson','1992-03-04','F','UZY20','Ivybridge','Chennai','Michigan'),(592828401734,'Corine','Katz','1944-01-06','M','EAX86','Ystrad Meurig','Mumbai','Alaska'),(592828401735,'Kermit','Barnhart','1949-09-23','M','XTI75',NULL,'Mumbai','South Carolina'),(592828401736,'Bernie','Carbone','1974-03-26','M','HHG03','Aberdare','Bangalore','Kansas'),(592828401737,'Zelda','Martino','2003-09-20','F','GBY30','Aberdovey','Kolkata','Minnesota'),(645878973777,'Tyler','Fredrickson','1953-04-20','F','HDI15','Crediton','Hyderabad','Pennsylvania'),(645878973778,'Rosia','Freed','1934-04-30','M','UOU17','Wetherby','Mumbai','Alaska'),(645878973779,'Chadwick','Mundy','1952-01-06','F','CHG52','Port Erin','Chennai','Missouri'),(645878973780,'Elizabet','Card','1932-03-03','M','NCC66','Sutton Coldfield','Mumbai','New Hampshire'),(645878973781,'Ashlyn','Carden','1941-01-21','M','CGL03','Weymouth','Mumbai','Pennsylvania'),(645878973782,'Gavin','Cardenas','2000-12-19','F','NYZ57','Sutton in Ashfield','Kolkata','Montana'),(735878973777,'Marisa','Fredericks','2001-03-02','F','TQJ85','Fordingbridge','Hyderabad','South Carolina'),(735878973778,'Abdul','Curtin','1949-05-24','M','MTS36',NULL,'Mumbai','South Carolina'),(735878973779,'Ada','Custer','1936-07-07','M','WOH08','Middlesbrough','Mumbai','Missouri'),(735878973780,'Felipe','Barnhill','1943-06-15','M','LAJ07','Ludlow','Mumbai','North Carolina'),(735878973781,'Bart','Freeman','1936-02-28','M','EYD10','Aberdeen','Mumbai','Oklahoma'),(735878973782,'Jung','Martinez','1952-12-06','F','RGC51','Bishop Auckland','Hyderabad','Rhode Island'),(735878973783,'Bradly','Freitas','1983-10-13','M','KRP45','Bishopbriggs','Bangalore','Nevada'),(894091672370,'Soila','Martell','1941-03-26','M','CKT54','Sunderland','Mumbai','Minnesota'),(894091672371,'Gwen','Carbajal','1953-06-29','M','POK61','Forest Gate','Delhi','Wisconsin'),(894091672372,'Abe','Martin','1952-01-02','F','OIL74',NULL,'Chennai','Alabama'),(984091672368,'Romona','Barney','1986-05-14','F','ADB94',NULL,'Bangalore','Delaware'),(984091672369,'Pedro','Muncy','1952-03-03','F','WGC69','Surrey','Ahmedabad','Louisiana'),(984091672370,'Cordie','Cushman','1965-05-13','M','IAR98','Forfar','Delhi','Oklahoma'),(999999999999,'Ramiro','Currier','1932-03-04','M','SRJ80','Mexborough','Mumbai','Colorado');
/*!40000 ALTER TABLE `person` ENABLE KEYS */;
UNLOCK TABLES;

--
-- Table structure for table `phonenumbers`
--

DROP TABLE IF EXISTS `phonenumbers`;
/*!40101 SET @saved_cs_client     = @@character_set_client */;
/*!50503 SET character_set_client = utf8mb4 */;
CREATE TABLE `phonenumbers` (
  `PhoneNumber` decimal(10,0) NOT NULL,
  `AadharNo` decimal(12,0) unsigned NOT NULL,
  PRIMARY KEY (`PhoneNumber`,`AadharNo`),
  KEY `FK_Aadhar_Phone` (`AadharNo`),
  CONSTRAINT `FK_Aadhar_Phone` FOREIGN KEY (`AadharNo`) REFERENCES `person` (`AadharNo`) ON DELETE CASCADE
) ENGINE=InnoDB DEFAULT CHARSET=utf8mb4 COLLATE=utf8mb4_0900_ai_ci;
/*!40101 SET character_set_client = @saved_cs_client */;

--
-- Dumping data for table `phonenumbers`
--

LOCK TABLES `phonenumbers` WRITE;
/*!40000 ALTER TABLE `phonenumbers` DISABLE KEYS */;
INSERT INTO `phonenumbers` VALUES (9485691531,122142880209),(7838477651,122142880210),(7838477652,122142880211),(7233193974,122142880212),(8138477650,212142880210),(9785691530,212142880211),(7838477653,212142880212),(9384789744,212142880213),(7838477646,314715091966),(8138477648,314715091967),(8138477649,314715091968),(9384789740,314715091969),(9785691529,314715091970),(9384789742,314715091971),(8138477654,314715091972),(9084789737,404715091966),(7838477647,404715091967),(8343842207,404715091968),(7838477649,404715091969),(9084789740,404715091970),(9485691532,404715091971),(9084789743,404715091972),(9084789738,502828401733),(8138477647,502828401734),(9999999999,502828401735),(7233193973,502828401736),(8643842207,592828401734),(9485691530,592828401735),(8138477651,592828401736),(7838477654,592828401737),(7838477648,645878973777),(8643842208,645878973778),(9084789741,645878973779),(9084789742,645878973780),(8138477653,645878973781),(7533193974,645878973782),(9384789739,735878973777),(7233193972,735878973778),(9384789741,735878973779),(8138477652,735878973780),(8343842208,735878973781),(9384789743,735878973782),(7533193975,735878973783),(8138477646,894091672370),(9785691527,894091672371),(7838477650,894091672372),(9084789739,984091672368),(9785691528,984091672369),(7533193973,984091672370),(9384789738,999999999999);
/*!40000 ALTER TABLE `phonenumbers` ENABLE KEYS */;
UNLOCK TABLES;

--
-- Table structure for table `transactions`
--

DROP TABLE IF EXISTS `transactions`;
/*!40101 SET @saved_cs_client     = @@character_set_client */;
/*!50503 SET character_set_client = utf8mb4 */;
CREATE TABLE `transactions` (
  `TransactionID` decimal(10,0) NOT NULL,
  `Amount` decimal(15,2) NOT NULL,
  `Status` varchar(1) DEFAULT NULL,
  `Type` varchar(45) DEFAULT NULL,
  `DateTime` datetime NOT NULL,
  `CustID` decimal(6,0) NOT NULL,
  `Account#` decimal(10,0) NOT NULL,
  PRIMARY KEY (`TransactionID`),
  KEY `FK_custid_trans` (`CustID`),
  KEY `FK_acc_trans` (`Account#`),
  CONSTRAINT `FK_acc_trans` FOREIGN KEY (`Account#`) REFERENCES `account` (`Account#`) ON DELETE CASCADE,
  CONSTRAINT `FK_custid_trans` FOREIGN KEY (`CustID`) REFERENCES `customer` (`CustID`) ON DELETE CASCADE
) ENGINE=InnoDB DEFAULT CHARSET=utf8mb4 COLLATE=utf8mb4_0900_ai_ci;
/*!40101 SET character_set_client = @saved_cs_client */;

--
-- Dumping data for table `transactions`
--

LOCK TABLES `transactions` WRITE;
/*!40000 ALTER TABLE `transactions` DISABLE KEYS */;
INSERT INTO `transactions` VALUES (1412520522,281953.50,'C','DEBIT','1995-10-05 20:20:30',621412,3440200444),(1412520523,277231.64,'P','DEBIT','2010-06-19 03:15:06',621413,3840200447),(1412520524,363537.70,'P','CREDIT','1993-08-07 10:12:06',981787,3840200452),(1412520525,119037.94,'C','DEBIT','1991-01-01 00:01:37',412992,3440200444),(1412520526,647816.38,'P','CREDIT','2000-06-16 16:24:53',647531,3440200446),(1412520527,878779.14,'C','CREDIT','2005-05-29 00:15:34',891790,2229187999),(1412520528,100.47,'C','DEBIT','1991-01-01 00:01:58',531411,1319955132),(1412520529,770478.21,'C','DEBIT','1991-01-01 01:32:48',621412,2229187995),(1412520530,183093.11,'F','CREDIT','1991-01-01 00:00:06',737532,2229187995),(2312520522,458733.05,'C','CREDIT','1993-12-11 05:58:17',412991,1719955132),(2312520523,138133.42,'C','CREDIT','1994-11-24 12:51:57',531411,3147300833),(2312520524,395293.01,'C','CREDIT','2014-01-20 05:52:27',116057,4855150638),(2312520525,749632.71,'F','DEBIT','2017-06-15 15:37:36',647532,2229187999),(2312520526,841712.56,'C','DEBIT','1995-07-04 02:56:13',531410,2229187996),(2312520527,104686.88,'C','CREDIT','1991-01-01 00:01:40',412991,1719955133),(2312520528,493358.68,'C','DEBIT','2005-07-09 19:54:34',322991,1319955132),(2312520529,448961.48,'C','CREDIT','1991-01-01 00:00:51',737532,3147300833),(2312520530,181976.70,'C','CREDIT','2003-03-02 11:16:32',116057,2229187998),(3356529423,361202.12,'C','DEBIT','1997-01-29 10:23:21',322992,1829187996),(3356529424,186430.56,'F','DEBIT','2014-09-08 17:57:31',891789,1319955131),(3356529425,291891.20,'C','DEBIT','1991-01-01 01:04:28',116056,3840200450),(3356529426,744685.37,'C','CREDIT','2022-02-15 04:11:26',531413,3840200449),(4256529423,976202.68,'C','DEBIT','2001-03-05 08:53:07',116057,3840200444),(4256529424,680698.73,'C','DEBIT','2016-12-23 10:27:19',737533,1829187996),(4256529425,368015.35,'C','CREDIT','1999-10-25 01:12:14',412992,3840200447),(4256529426,180775.84,'C','CREDIT','2021-07-29 21:39:56',981786,1319955133),(4256529427,510599.70,'C','DEBIT','1992-08-02 03:10:57',206058,1719955134),(4624145716,550174.76,'C','DEBIT','2009-01-11 13:05:13',647533,3147300833),(4624145717,419060.05,'F','DEBIT','2002-06-11 08:09:49',891789,3440200450),(4624145718,292140.53,'C','DEBIT','2008-08-31 19:01:02',621411,1829187994),(4624145719,61655.13,'P','DEBIT','1991-01-01 00:00:04',891788,1719955132),(5524145716,556254.92,'C','DEBIT','2015-08-11 08:00:49',116056,3840200445),(5524145717,963738.01,'C','CREDIT','1992-05-17 18:22:24',206056,1319955134),(5524145718,562402.93,'C','CREDIT','1991-01-01 00:00:58',737532,2229187996),(5524145719,849067.64,'C','CREDIT','2017-03-26 21:49:06',531413,1319955134),(6666054975,268302.27,'P','DEBIT','2008-09-14 01:43:07',322992,1829187997),(6666054976,776761.43,'F','CREDIT','2003-03-02 14:59:32',412992,3840200449),(7566054975,573892.59,'C','DEBIT','2014-02-20 04:26:23',891788,3840200449),(7566054976,943894.67,'C','DEBIT','1991-01-01 00:16:40',206056,3440200447),(8576983223,85634.64,'P','DEBIT','1998-03-09 06:48:36',647532,1829187993),(8576983224,469867.72,'C','DEBIT','2000-03-26 07:40:21',412991,3147300833),(8576983225,830886.26,'C','CREDIT','1991-01-01 00:20:22',531413,2229187998),(8576983226,787612.69,'C','DEBIT','2008-10-07 01:19:37',737532,2747300833),(8576983227,973126.93,'C','DEBIT','2004-12-06 01:12:56',322990,3840200448),(9476983220,757267.71,'C','DEBIT','1991-01-01 00:00:03',412991,3840200448),(9476983221,618637.17,'P','DEBIT','2017-12-27 07:39:04',116057,3147300832),(9476983222,869410.20,'C','DEBIT','2004-06-04 01:00:35',531411,3840200443),(9476983223,601175.58,'F','DEBIT','1991-01-01 00:00:05',116057,3440200450),(9476983224,308985.38,'P','DEBIT','1991-01-01 00:01:30',621412,1829187992),(9999999999,531402.66,'C','DEBIT','2012-09-10 23:19:33',891788,1829187994);
/*!40000 ALTER TABLE `transactions` ENABLE KEYS */;
UNLOCK TABLES;
/*!40103 SET TIME_ZONE=@OLD_TIME_ZONE */;

/*!40101 SET SQL_MODE=@OLD_SQL_MODE */;
/*!40014 SET FOREIGN_KEY_CHECKS=@OLD_FOREIGN_KEY_CHECKS */;
/*!40014 SET UNIQUE_CHECKS=@OLD_UNIQUE_CHECKS */;
/*!40101 SET CHARACTER_SET_CLIENT=@OLD_CHARACTER_SET_CLIENT */;
/*!40101 SET CHARACTER_SET_RESULTS=@OLD_CHARACTER_SET_RESULTS */;
/*!40101 SET COLLATION_CONNECTION=@OLD_COLLATION_CONNECTION */;
/*!40111 SET SQL_NOTES=@OLD_SQL_NOTES */;

-- Dump completed on 2022-03-02 22:50:30
